<?xml version="1.0" encoding="utf-8" standalone="yes"?>
<Aviao>
<Passageiro id="01">
    <qtd>1</qtd>
</Passageiro>
<Passageiro id="02">
    <qtd>3</qtd>
</Passageiro>
<Passageiro id="03">
    <qtd>6</qtd>
</Passageiro>
<Passageiro id="4">
    <qtd>1</qtd>
</Passageiro>
<Passageiro id="05">
    <qtd>2</qtd>
</Passageiro>
<Passageiro id="06">
    <qtd>4</qtd>
</Passageiro>
<Passageiro id="07">
    <qtd>1</qtd>
</Passageiro>
<Passageiro id="08">
    <qtd>11</qtd>
</Passageiro>
</Aviao>