-- MySQL dump 10.13  Distrib 5.6.17, for Win64 (x86_64)
--
-- Host: 127.0.0.1    Database: bdabudhabiturs04
-- ------------------------------------------------------
-- Server version	5.6.22-log
CREATE DATABASE bdabudhabiturs04;
use bdabudhabiturs04;

/*!40101 SET @OLD_CHARACTER_SET_CLIENT=@@CHARACTER_SET_CLIENT */;
/*!40101 SET @OLD_CHARACTER_SET_RESULTS=@@CHARACTER_SET_RESULTS */;
/*!40101 SET @OLD_COLLATION_CONNECTION=@@COLLATION_CONNECTION */;
/*!40101 SET NAMES utf8 */;
/*!40103 SET @OLD_TIME_ZONE=@@TIME_ZONE */;
/*!40103 SET TIME_ZONE='+00:00' */;
/*!40014 SET @OLD_UNIQUE_CHECKS=@@UNIQUE_CHECKS, UNIQUE_CHECKS=0 */;
/*!40014 SET @OLD_FOREIGN_KEY_CHECKS=@@FOREIGN_KEY_CHECKS, FOREIGN_KEY_CHECKS=0 */;
/*!40101 SET @OLD_SQL_MODE=@@SQL_MODE, SQL_MODE='NO_AUTO_VALUE_ON_ZERO' */;
/*!40111 SET @OLD_SQL_NOTES=@@SQL_NOTES, SQL_NOTES=0 */;

--
-- Table structure for table `cliente`
--

DROP TABLE IF EXISTS `cliente`;
/*!40101 SET @saved_cs_client     = @@character_set_client */;
/*!40101 SET character_set_client = utf8 */;
CREATE TABLE `cliente` (
  `CLICODIGO` int(11) NOT NULL AUTO_INCREMENT,
  `CLINOME` varchar(250) NOT NULL,
  `CLISOBRENOME` varchar(250) NOT NULL,
  `CLICELULAR` varchar(20) DEFAULT NULL,
  `CLIEMAIL` varchar(350) DEFAULT NULL,
  PRIMARY KEY (`CLICODIGO`)
) ENGINE=InnoDB AUTO_INCREMENT=19 DEFAULT CHARSET=utf8;
/*!40101 SET character_set_client = @saved_cs_client */;

--
-- Dumping data for table `cliente`
--

LOCK TABLES `cliente` WRITE;
/*!40000 ALTER TABLE `cliente` DISABLE KEYS */;
INSERT INTO `cliente` VALUES (1,'Maria Ferreira','Silva Cuellar','812121574','ferreiramary@gmail.com'),(2,'America','Freire','219895236','america@bol.com.br'),(3,'Maxon','Souza','1165989898','maxon@gmail.com'),(4,'Eadlyn','Ubervalda','2165659879','ubead@yahoo.com.br'),(5,'Aquílio','Hugo','812121545','hugoaquiloio@gmail.com'),(6,'Nicolas','Costa','87878787','gycosta@gmail.com'),(7,'Enzo','Jukon','6546464645','enzojuju@hotmail.com'),(8,'Stefanny','Bristol','9446545','bristaoster@gmail.com'),(9,'Gabriela','Joaquina','119595959','joakina@gmail.com'),(10,'Isadora','Phyta','114549494','isadorappp@gmail.com'),(11,'Beatrice','Prior','117676767','biapri@hotmail.com'),(12,'Pedro','Henrique','117641241','henriquepedrosa@outlook.com'),(13,'Antônia','Rubens','11987464','rubenstonha@outlook.com'),(14,'Kahlen','Waters','11659959','kakawater@gmail.com'),(15,'Diogo','Nogueira','119898959','diogonog@hotmail.com'),(17,'Kille','Young','1178787893','youngkille@gmail.com'),(18,'Celeste','Adenilson','61598556','celcel@hotmail.com');
/*!40000 ALTER TABLE `cliente` ENABLE KEYS */;
UNLOCK TABLES;

--
-- Table structure for table `disponibilidadeacomodacao`
--

DROP TABLE IF EXISTS `disponibilidadeacomodacao`;
/*!40101 SET @saved_cs_client     = @@character_set_client */;
/*!40101 SET character_set_client = utf8 */;
CREATE TABLE `disponibilidadeacomodacao` (
  `DISCOD` int(11) NOT NULL AUTO_INCREMENT,
  `DISDATA` date NOT NULL,
  `DISQUANTIDADE` int(11) NOT NULL,
  `TIPCODIGO` int(11) DEFAULT NULL,
  `VALOR1` decimal(18,2) DEFAULT NULL,
  `VALOR2` decimal(18,2) DEFAULT NULL,
  `VALOR3` decimal(18,2) DEFAULT NULL,
  `VALOR4` decimal(18,2) DEFAULT NULL,
  `VALOR5` decimal(18,2) DEFAULT NULL,
  `MINIMO` int(11) DEFAULT NULL,
  PRIMARY KEY (`DISCOD`),
  KEY `FK_DisponibilidadeAcomodacao_TIPOACOMODACAO` (`TIPCODIGO`),
  CONSTRAINT `FK_DisponibilidadeAcomodacao_TIPOACOMODACAO` FOREIGN KEY (`TIPCODIGO`) REFERENCES `tipoacomodacao` (`TIPCODIGO`) ON DELETE NO ACTION ON UPDATE NO ACTION
) ENGINE=InnoDB AUTO_INCREMENT=339 DEFAULT CHARSET=utf8;
/*!40101 SET character_set_client = @saved_cs_client */;

--
-- Dumping data for table `disponibilidadeacomodacao`
--

LOCK TABLES `disponibilidadeacomodacao` WRITE;
/*!40000 ALTER TABLE `disponibilidadeacomodacao` DISABLE KEYS */;
INSERT INTO `disponibilidadeacomodacao` VALUES (1,'2016-06-20',10,1,861.00,1722.00,2583.00,2544.00,3805.00,2),(2,'2016-06-21',10,1,758.00,1516.00,2274.00,2132.00,3290.00,2),(3,'2016-06-22',10,1,739.00,1478.00,2217.00,2056.00,3195.00,2),(4,'2016-06-23',10,1,983.00,1966.00,2949.00,3032.00,4415.00,2),(5,'2016-06-24',10,1,705.00,1410.00,2115.00,1920.00,3025.00,2),(6,'2016-06-25',10,1,609.00,1218.00,1827.00,1536.00,2545.00,2),(7,'2016-06-26',10,1,851.00,1702.00,2553.00,2504.00,3755.00,2),(8,'2016-06-27',10,1,659.00,1318.00,1977.00,1736.00,2795.00,2),(9,'2016-06-28',10,1,748.00,1496.00,2244.00,2092.00,3240.00,2),(10,'2016-06-29',10,1,758.00,1516.00,2274.00,2132.00,3290.00,2),(11,'2016-06-30',10,1,817.00,1634.00,2451.00,2368.00,3585.00,2),(12,'2016-07-01',10,1,786.00,1572.00,2358.00,2244.00,3430.00,2),(13,'2016-07-02',10,1,653.00,1306.00,1959.00,1712.00,2765.00,2),(14,'2016-07-03',10,1,714.00,1428.00,2142.00,1956.00,3070.00,2),(15,'2016-07-04',10,1,573.00,1146.00,1719.00,1392.00,2365.00,2),(16,'2016-07-05',10,1,606.00,1212.00,1818.00,1524.00,2530.00,2),(17,'2016-07-06',10,1,786.00,1572.00,2358.00,2244.00,3430.00,2),(18,'2016-07-07',10,1,543.00,1086.00,1629.00,1272.00,2215.00,2),(19,'2016-07-08',10,1,724.00,1448.00,2172.00,1996.00,3120.00,2),(20,'2016-07-09',10,1,862.00,1724.00,2586.00,2548.00,3810.00,2),(21,'2016-07-10',10,1,682.00,1364.00,2046.00,1828.00,2910.00,2),(22,'2016-06-20',10,2,591.00,1182.00,1773.00,1464.00,2455.00,2),(23,'2016-06-21',10,2,601.00,1202.00,1803.00,1504.00,2505.00,2),(24,'2016-06-22',10,2,945.00,1890.00,2835.00,2880.00,4225.00,2),(25,'2016-06-23',10,2,553.00,1106.00,1659.00,1312.00,2265.00,2),(26,'2016-06-24',10,2,884.00,1768.00,2652.00,2636.00,3920.00,2),(27,'2016-06-25',10,2,700.00,1400.00,2100.00,1900.00,3000.00,2),(28,'2016-06-26',10,2,807.00,1614.00,2421.00,2328.00,3535.00,2),(29,'2016-06-27',10,2,972.00,1944.00,2916.00,2988.00,4360.00,2),(30,'2016-06-28',10,2,618.00,1236.00,1854.00,1572.00,2590.00,2),(31,'2016-06-29',10,2,883.00,1766.00,2649.00,2632.00,3915.00,2),(32,'2016-06-30',10,2,767.00,1534.00,2301.00,2168.00,3335.00,2),(33,'2016-07-01',10,2,515.00,1030.00,1545.00,1160.00,2075.00,2),(34,'2016-07-02',10,2,605.00,1210.00,1815.00,1520.00,2525.00,2),(35,'2016-07-03',10,2,680.00,1360.00,2040.00,1820.00,2900.00,2),(36,'2016-07-04',10,2,802.00,1604.00,2406.00,2308.00,3510.00,2),(37,'2016-07-05',10,2,959.00,1918.00,2877.00,2936.00,4295.00,2),(38,'2016-07-06',10,2,628.00,1256.00,1884.00,1612.00,2640.00,2),(39,'2016-07-07',10,2,962.00,1924.00,2886.00,2948.00,4310.00,2),(40,'2016-07-08',10,2,657.00,1314.00,1971.00,1728.00,2785.00,2),(41,'2016-07-09',10,2,980.00,1960.00,2940.00,3020.00,4400.00,2),(42,'2016-07-10',10,2,837.00,1674.00,2511.00,2448.00,3685.00,2),(43,'2016-06-20',10,3,904.00,1808.00,2712.00,2716.00,4020.00,2),(44,'2016-06-21',10,3,739.00,1478.00,2217.00,2056.00,3195.00,2),(45,'2016-06-22',10,3,759.00,1518.00,2277.00,2136.00,3295.00,2),(46,'2016-06-23',10,3,557.00,1114.00,1671.00,1328.00,2285.00,2),(47,'2016-06-24',10,3,947.00,1894.00,2841.00,2888.00,4235.00,2),(48,'2016-06-25',10,3,849.00,1698.00,2547.00,2496.00,3745.00,2),(49,'2016-06-26',10,3,964.00,1928.00,2892.00,2956.00,4320.00,2),(50,'2016-06-27',10,3,630.00,1260.00,1890.00,1620.00,2650.00,2),(51,'2016-06-28',10,3,663.00,1326.00,1989.00,1752.00,2815.00,2),(52,'2016-06-29',10,3,806.00,1612.00,2418.00,2324.00,3530.00,2),(53,'2016-06-30',10,3,863.00,1726.00,2589.00,2552.00,3815.00,2),(54,'2016-07-01',10,3,635.00,1270.00,1905.00,1640.00,2675.00,2),(55,'2016-07-02',10,3,691.00,1382.00,2073.00,1864.00,2955.00,2),(56,'2016-07-03',10,3,725.00,1450.00,2175.00,2000.00,3125.00,2),(57,'2016-07-04',10,3,901.00,1802.00,2703.00,2704.00,4005.00,2),(58,'2016-07-05',10,3,795.00,1590.00,2385.00,2280.00,3475.00,2),(59,'2016-07-06',10,3,759.00,1518.00,2277.00,2136.00,3295.00,2),(60,'2016-07-07',10,3,590.00,1180.00,1770.00,1460.00,2450.00,2),(61,'2016-07-08',10,3,881.00,1762.00,2643.00,2624.00,3905.00,2),(62,'2016-07-09',10,3,733.00,1466.00,2199.00,2032.00,3165.00,2),(63,'2016-07-10',10,3,870.00,1740.00,2610.00,2580.00,3850.00,2),(64,'2016-06-20',10,4,572.00,1144.00,1716.00,1388.00,2360.00,2),(65,'2016-06-21',10,4,625.00,1250.00,1875.00,1600.00,2625.00,2),(66,'2016-06-22',10,4,577.00,1154.00,1731.00,1408.00,2385.00,2),(67,'2016-06-23',10,4,521.00,1042.00,1563.00,1184.00,2105.00,2),(68,'2016-06-24',10,4,854.00,1708.00,2562.00,2516.00,3770.00,2),(69,'2016-06-25',10,4,942.00,1884.00,2826.00,2868.00,4210.00,2),(70,'2016-06-26',10,4,834.00,1668.00,2502.00,2436.00,3670.00,2),(71,'2016-06-27',10,4,950.00,1900.00,2850.00,2900.00,4250.00,2),(72,'2016-06-28',10,4,621.00,1242.00,1863.00,1584.00,2605.00,2),(73,'2016-06-29',10,4,709.00,1418.00,2127.00,1936.00,3045.00,2),(74,'2016-06-30',10,4,625.00,1250.00,1875.00,1600.00,2625.00,2),(75,'2016-07-01',10,4,795.00,1590.00,2385.00,2280.00,3475.00,2),(76,'2016-07-02',10,4,748.00,1496.00,2244.00,2092.00,3240.00,2),(77,'2016-07-03',10,4,699.00,1398.00,2097.00,1896.00,2995.00,2),(78,'2016-07-04',10,4,864.00,1728.00,2592.00,2556.00,3820.00,2),(79,'2016-07-05',10,4,953.00,1906.00,2859.00,2912.00,4265.00,2),(80,'2016-07-06',10,4,516.00,1032.00,1548.00,1164.00,2080.00,2),(81,'2016-07-07',10,4,728.00,1456.00,2184.00,2012.00,3140.00,2),(82,'2016-07-08',10,4,920.00,1840.00,2760.00,2780.00,4100.00,2),(83,'2016-07-09',10,4,748.00,1496.00,2244.00,2092.00,3240.00,2),(84,'2016-07-10',10,4,840.00,1680.00,2520.00,2460.00,3700.00,2),(85,'2016-06-20',10,5,589.00,1178.00,1767.00,1456.00,2445.00,2),(86,'2016-06-21',10,5,720.00,1440.00,2160.00,1980.00,3100.00,2),(87,'2016-06-22',10,5,930.00,1860.00,2790.00,2820.00,4150.00,2),(88,'2016-06-23',10,5,573.00,1146.00,1719.00,1392.00,2365.00,2),(89,'2016-06-24',10,5,743.00,1486.00,2229.00,2072.00,3215.00,2),(90,'2016-06-25',10,5,836.00,1672.00,2508.00,2444.00,3680.00,2),(91,'2016-06-26',10,5,859.00,1718.00,2577.00,2536.00,3795.00,2),(92,'2016-06-27',10,5,590.00,1180.00,1770.00,1460.00,2450.00,2),(93,'2016-06-28',10,5,679.00,1358.00,2037.00,1816.00,2895.00,2),(94,'2016-06-29',10,5,645.00,1290.00,1935.00,1680.00,2725.00,2),(95,'2016-06-30',10,5,683.00,1366.00,2049.00,1832.00,2915.00,2),(96,'2016-07-01',10,5,835.00,1670.00,2505.00,2440.00,3675.00,2),(97,'2016-07-02',10,5,803.00,1606.00,2409.00,2312.00,3515.00,2),(98,'2016-07-03',10,5,643.00,1286.00,1929.00,1672.00,2715.00,2),(99,'2016-07-04',10,5,500.00,1000.00,1500.00,1100.00,2000.00,2),(100,'2016-07-05',10,5,896.00,1792.00,2688.00,2684.00,3980.00,2),(101,'2016-07-06',10,5,927.00,1854.00,2781.00,2808.00,4135.00,2),(102,'2016-07-07',10,5,990.00,1980.00,2970.00,3060.00,4450.00,2),(103,'2016-07-08',10,5,869.00,1738.00,2607.00,2576.00,3845.00,2),(104,'2016-07-09',10,5,552.00,1104.00,1656.00,1308.00,2260.00,2),(105,'2016-07-10',10,5,596.00,1192.00,1788.00,1484.00,2480.00,2),(106,'2016-06-20',10,6,624.00,1248.00,1872.00,1596.00,2620.00,2),(107,'2016-06-21',10,6,638.00,1276.00,1914.00,1652.00,2690.00,2),(108,'2016-06-22',10,6,623.00,1246.00,1869.00,1592.00,2615.00,2),(109,'2016-06-23',10,6,829.00,1658.00,2487.00,2416.00,3645.00,2),(110,'2016-06-24',10,6,989.00,1978.00,2967.00,3056.00,4445.00,2),(111,'2016-06-25',10,6,832.00,1664.00,2496.00,2428.00,3660.00,2),(112,'2016-06-26',10,6,892.00,1784.00,2676.00,2668.00,3960.00,2),(113,'2016-06-27',10,6,742.00,1484.00,2226.00,2068.00,3210.00,2),(114,'2016-06-28',10,6,684.00,1368.00,2052.00,1836.00,2920.00,2),(115,'2016-06-29',10,6,864.00,1728.00,2592.00,2556.00,3820.00,2),(116,'2016-06-30',10,6,970.00,1940.00,2910.00,2980.00,4350.00,2),(117,'2016-07-01',10,6,866.00,1732.00,2598.00,2564.00,3830.00,2),(118,'2016-07-02',10,6,958.00,1916.00,2874.00,2932.00,4290.00,2),(119,'2016-07-03',10,6,540.00,1080.00,1620.00,1260.00,2200.00,2),(120,'2016-07-04',10,6,691.00,1382.00,2073.00,1864.00,2955.00,2),(121,'2016-07-05',10,6,953.00,1906.00,2859.00,2912.00,4265.00,2),(122,'2016-07-06',10,6,864.00,1728.00,2592.00,2556.00,3820.00,2),(123,'2016-07-07',10,6,739.00,1478.00,2217.00,2056.00,3195.00,2),(124,'2016-07-08',10,6,888.00,1776.00,2664.00,2652.00,3940.00,2),(125,'2016-07-09',10,6,711.00,1422.00,2133.00,1944.00,3055.00,2),(126,'2016-07-10',10,6,526.00,1052.00,1578.00,1204.00,2130.00,2),(127,'2016-06-20',10,7,766.00,1532.00,2298.00,2164.00,3330.00,2),(128,'2016-06-21',10,7,841.00,1682.00,2523.00,2464.00,3705.00,2),(129,'2016-06-22',10,7,972.00,1944.00,2916.00,2988.00,4360.00,2),(130,'2016-06-23',10,7,645.00,1290.00,1935.00,1680.00,2725.00,2),(131,'2016-06-24',10,7,784.00,1568.00,2352.00,2236.00,3420.00,2),(132,'2016-06-25',10,7,614.00,1228.00,1842.00,1556.00,2570.00,2),(133,'2016-06-26',10,7,845.00,1690.00,2535.00,2480.00,3725.00,2),(134,'2016-06-27',10,7,540.00,1080.00,1620.00,1260.00,2200.00,2),(135,'2016-06-28',10,7,758.00,1516.00,2274.00,2132.00,3290.00,2),(136,'2016-06-29',10,7,713.00,1426.00,2139.00,1952.00,3065.00,2),(137,'2016-06-30',10,7,997.00,1994.00,2991.00,3088.00,4485.00,2),(138,'2016-07-01',10,7,725.00,1450.00,2175.00,2000.00,3125.00,2),(139,'2016-07-02',10,7,767.00,1534.00,2301.00,2168.00,3335.00,2),(140,'2016-07-03',10,7,744.00,1488.00,2232.00,2076.00,3220.00,2),(141,'2016-07-04',10,7,702.00,1404.00,2106.00,1908.00,3010.00,2),(142,'2016-07-05',10,7,600.00,1200.00,1800.00,1500.00,2500.00,2),(143,'2016-07-06',10,7,550.00,1100.00,1650.00,1300.00,2250.00,2),(144,'2016-07-07',10,7,949.00,1898.00,2847.00,2896.00,4245.00,2),(145,'2016-07-08',10,7,725.00,1450.00,2175.00,2000.00,3125.00,2),(146,'2016-07-09',10,7,948.00,1896.00,2844.00,2892.00,4240.00,2),(147,'2016-07-10',10,7,545.00,1090.00,1635.00,1280.00,2225.00,2),(148,'2016-06-20',10,8,992.00,1984.00,2976.00,3068.00,4460.00,2),(149,'2016-06-21',10,8,814.00,1628.00,2442.00,2356.00,3570.00,2),(150,'2016-06-22',10,8,701.00,1402.00,2103.00,1904.00,3005.00,2),(151,'2016-06-23',10,8,662.00,1324.00,1986.00,1748.00,2810.00,2),(152,'2016-06-24',10,8,750.00,1500.00,2250.00,2100.00,3250.00,2),(153,'2016-06-25',10,8,924.00,1848.00,2772.00,2796.00,4120.00,2),(154,'2016-06-26',10,8,830.00,1660.00,2490.00,2420.00,3650.00,2),(155,'2016-06-27',10,8,582.00,1164.00,1746.00,1428.00,2410.00,2),(156,'2016-06-28',10,8,786.00,1572.00,2358.00,2244.00,3430.00,2),(157,'2016-06-29',10,8,744.00,1488.00,2232.00,2076.00,3220.00,2),(158,'2016-06-30',10,8,616.00,1232.00,1848.00,1564.00,2580.00,2),(159,'2016-07-01',10,8,536.00,1072.00,1608.00,1244.00,2180.00,2),(160,'2016-07-02',10,8,534.00,1068.00,1602.00,1236.00,2170.00,2),(161,'2016-07-03',10,8,834.00,1668.00,2502.00,2436.00,3670.00,2),(162,'2016-07-04',10,8,707.00,1414.00,2121.00,1928.00,3035.00,2),(163,'2016-07-05',10,8,825.00,1650.00,2475.00,2400.00,3625.00,2),(164,'2016-07-06',10,8,515.00,1030.00,1545.00,1160.00,2075.00,2),(165,'2016-07-07',10,8,932.00,1864.00,2796.00,2828.00,4160.00,2),(166,'2016-07-08',10,8,537.00,1074.00,1611.00,1248.00,2185.00,2),(167,'2016-07-09',10,8,521.00,1042.00,1563.00,1184.00,2105.00,2),(168,'2016-07-10',10,8,598.00,1196.00,1794.00,1492.00,2490.00,2),(169,'2016-06-20',10,NULL,511.00,1022.00,1533.00,1144.00,2055.00,2),(170,'2016-06-21',10,NULL,721.00,1442.00,2163.00,1984.00,3105.00,2),(171,'2016-06-22',10,NULL,848.00,1696.00,2544.00,2492.00,3740.00,2),(172,'2016-06-20',10,9,970.00,1940.00,2910.00,2980.00,4350.00,2),(173,'2016-06-21',10,9,590.00,1180.00,1770.00,1460.00,2450.00,2),(174,'2016-06-22',10,9,763.00,1526.00,2289.00,2152.00,3315.00,2),(175,'2016-06-23',10,9,851.00,1702.00,2553.00,2504.00,3755.00,2),(176,'2016-06-24',10,9,966.00,1932.00,2898.00,2964.00,4330.00,2),(177,'2016-06-25',10,9,920.00,1840.00,2760.00,2780.00,4100.00,2),(178,'2016-06-26',10,9,730.00,1460.00,2190.00,2020.00,3150.00,2),(179,'2016-06-27',10,9,648.00,1296.00,1944.00,1692.00,2740.00,2),(180,'2016-06-28',10,9,662.00,1324.00,1986.00,1748.00,2810.00,2),(181,'2016-06-29',10,9,807.00,1614.00,2421.00,2328.00,3535.00,2),(182,'2016-06-30',10,9,876.00,1752.00,2628.00,2604.00,3880.00,2),(183,'2016-07-01',10,9,681.00,1362.00,2043.00,1824.00,2905.00,2),(184,'2016-07-02',10,9,659.00,1318.00,1977.00,1736.00,2795.00,2),(185,'2016-07-03',10,9,1000.00,2000.00,3000.00,3100.00,4500.00,2),(186,'2016-07-04',10,9,500.00,1000.00,1500.00,1100.00,2000.00,2),(187,'2016-07-05',10,9,704.00,1408.00,2112.00,1916.00,3020.00,2),(188,'2016-07-06',10,9,937.00,1874.00,2811.00,2848.00,4185.00,2),(189,'2016-07-07',10,9,639.00,1278.00,1917.00,1656.00,2695.00,2),(190,'2016-07-08',10,9,729.00,1458.00,2187.00,2016.00,3145.00,2),(191,'2016-07-09',10,9,863.00,1726.00,2589.00,2552.00,3815.00,2),(192,'2016-07-10',10,9,903.00,1806.00,2709.00,2712.00,4015.00,2),(193,'2016-06-20',10,9,610.00,1220.00,1830.00,1540.00,2550.00,2),(194,'2016-06-21',10,9,777.00,1554.00,2331.00,2208.00,3385.00,2),(195,'2016-06-22',10,9,550.00,1100.00,1650.00,1300.00,2250.00,2),(196,'2016-06-20',10,10,598.00,1196.00,1794.00,1492.00,2490.00,2),(197,'2016-06-21',10,10,938.00,1876.00,2814.00,2852.00,4190.00,2),(198,'2016-06-22',10,10,560.00,1120.00,1680.00,1340.00,2300.00,2),(199,'2016-06-23',10,10,728.00,1456.00,2184.00,2012.00,3140.00,2),(200,'2016-06-24',10,10,872.00,1744.00,2616.00,2588.00,3860.00,2),(201,'2016-06-25',10,10,965.00,1930.00,2895.00,2960.00,4325.00,2),(202,'2016-06-26',10,10,643.00,1286.00,1929.00,1672.00,2715.00,2),(203,'2016-06-27',10,10,820.00,1640.00,2460.00,2380.00,3600.00,2),(204,'2016-06-28',10,10,987.00,1974.00,2961.00,3048.00,4435.00,2),(205,'2016-06-29',10,10,848.00,1696.00,2544.00,2492.00,3740.00,2),(206,'2016-06-30',10,10,783.00,1566.00,2349.00,2232.00,3415.00,2),(207,'2016-07-01',10,10,871.00,1742.00,2613.00,2584.00,3855.00,2),(208,'2016-07-02',10,10,537.00,1074.00,1611.00,1248.00,2185.00,2),(209,'2016-07-03',10,10,898.00,1796.00,2694.00,2692.00,3990.00,2),(210,'2016-07-04',10,10,881.00,1762.00,2643.00,2624.00,3905.00,2),(211,'2016-07-05',10,10,869.00,1738.00,2607.00,2576.00,3845.00,2),(212,'2016-07-06',10,10,834.00,1668.00,2502.00,2436.00,3670.00,2),(213,'2016-07-07',10,10,510.00,1020.00,1530.00,1140.00,2050.00,2),(214,'2016-07-08',10,10,900.00,1800.00,2700.00,2700.00,4000.00,2),(215,'2016-07-09',10,10,684.00,1368.00,2052.00,1836.00,2920.00,2),(216,'2016-07-10',10,10,643.00,1286.00,1929.00,1672.00,2715.00,2),(217,'2016-06-20',10,10,705.00,1410.00,2115.00,1920.00,3025.00,2),(218,'2016-06-21',10,10,987.00,1974.00,2961.00,3048.00,4435.00,2),(219,'2016-06-22',10,10,693.00,1386.00,2079.00,1872.00,2965.00,2),(220,'2016-06-20',10,11,594.00,1188.00,1782.00,1476.00,2470.00,2),(221,'2016-06-21',10,11,801.00,1602.00,2403.00,2304.00,3505.00,2),(222,'2016-06-22',10,11,647.00,1294.00,1941.00,1688.00,2735.00,2),(223,'2016-06-23',10,11,724.00,1448.00,2172.00,1996.00,3120.00,2),(224,'2016-06-24',10,11,552.00,1104.00,1656.00,1308.00,2260.00,2),(225,'2016-06-25',10,11,576.00,1152.00,1728.00,1404.00,2380.00,2),(226,'2016-06-26',10,11,552.00,1104.00,1656.00,1308.00,2260.00,2),(227,'2016-06-27',10,11,578.00,1156.00,1734.00,1412.00,2390.00,2),(228,'2016-06-28',10,11,908.00,1816.00,2724.00,2732.00,4040.00,2),(229,'2016-06-29',10,11,553.00,1106.00,1659.00,1312.00,2265.00,2),(230,'2016-06-30',10,11,605.00,1210.00,1815.00,1520.00,2525.00,2),(231,'2016-07-01',10,11,688.00,1376.00,2064.00,1852.00,2940.00,2),(232,'2016-07-02',10,11,620.00,1240.00,1860.00,1580.00,2600.00,2),(233,'2016-07-03',10,11,987.00,1974.00,2961.00,3048.00,4435.00,2),(234,'2016-07-04',10,11,831.00,1662.00,2493.00,2424.00,3655.00,2),(235,'2016-07-05',10,11,680.00,1360.00,2040.00,1820.00,2900.00,2),(236,'2016-07-06',10,11,699.00,1398.00,2097.00,1896.00,2995.00,2),(237,'2016-07-07',10,11,796.00,1592.00,2388.00,2284.00,3480.00,2),(238,'2016-07-08',10,11,517.00,1034.00,1551.00,1168.00,2085.00,2),(239,'2016-07-09',10,11,665.00,1330.00,1995.00,1760.00,2825.00,2),(240,'2016-07-10',10,11,890.00,1780.00,2670.00,2660.00,3950.00,2),(241,'2016-06-20',10,11,723.00,1446.00,2169.00,1992.00,3115.00,2),(242,'2016-06-21',10,11,893.00,1786.00,2679.00,2672.00,3965.00,2),(243,'2016-06-22',10,11,832.00,1664.00,2496.00,2428.00,3660.00,2),(244,'2016-06-20',10,12,953.00,1906.00,2859.00,2912.00,4265.00,2),(245,'2016-06-21',10,12,656.00,1312.00,1968.00,1724.00,2780.00,2),(246,'2016-06-22',10,12,786.00,1572.00,2358.00,2244.00,3430.00,2),(247,'2016-06-23',10,12,670.00,1340.00,2010.00,1780.00,2850.00,2),(248,'2016-06-24',10,12,641.00,1282.00,1923.00,1664.00,2705.00,2),(249,'2016-06-25',10,12,583.00,1166.00,1749.00,1432.00,2415.00,2),(250,'2016-06-26',10,12,972.00,1944.00,2916.00,2988.00,4360.00,2),(251,'2016-06-27',10,12,834.00,1668.00,2502.00,2436.00,3670.00,2),(252,'2016-06-28',10,12,804.00,1608.00,2412.00,2316.00,3520.00,2),(253,'2016-06-29',10,12,653.00,1306.00,1959.00,1712.00,2765.00,2),(254,'2016-06-30',10,12,899.00,1798.00,2697.00,2696.00,3995.00,2),(255,'2016-07-01',10,12,885.00,1770.00,2655.00,2640.00,3925.00,2),(256,'2016-07-02',10,12,518.00,1036.00,1554.00,1172.00,2090.00,2),(257,'2016-07-03',10,12,777.00,1554.00,2331.00,2208.00,3385.00,2),(258,'2016-07-04',10,12,721.00,1442.00,2163.00,1984.00,3105.00,2),(259,'2016-07-05',10,12,629.00,1258.00,1887.00,1616.00,2645.00,2),(260,'2016-07-06',10,12,574.00,1148.00,1722.00,1396.00,2370.00,2),(261,'2016-07-07',10,12,628.00,1256.00,1884.00,1612.00,2640.00,2),(262,'2016-07-08',10,12,691.00,1382.00,2073.00,1864.00,2955.00,2),(263,'2016-07-09',10,12,970.00,1940.00,2910.00,2980.00,4350.00,2),(264,'2016-07-10',10,12,654.00,1308.00,1962.00,1716.00,2770.00,2),(265,'2016-06-20',10,12,685.00,1370.00,2055.00,1840.00,2925.00,2),(266,'2016-06-21',10,12,709.00,1418.00,2127.00,1936.00,3045.00,2),(267,'2016-06-22',10,12,724.00,1448.00,2172.00,1996.00,3120.00,2),(268,'2016-06-20',10,13,818.00,1636.00,2454.00,2372.00,3590.00,2),(269,'2016-06-21',10,13,565.00,1130.00,1695.00,1360.00,2325.00,2),(270,'2016-06-22',10,13,854.00,1708.00,2562.00,2516.00,3770.00,2),(271,'2016-06-23',10,13,942.00,1884.00,2826.00,2868.00,4210.00,2),(272,'2016-06-24',10,13,858.00,1716.00,2574.00,2532.00,3790.00,2),(273,'2016-06-25',10,13,831.00,1662.00,2493.00,2424.00,3655.00,2),(274,'2016-06-26',10,13,511.00,1022.00,1533.00,1144.00,2055.00,2),(275,'2016-06-27',10,13,948.00,1896.00,2844.00,2892.00,4240.00,2),(276,'2016-06-28',10,13,849.00,1698.00,2547.00,2496.00,3745.00,2),(277,'2016-06-29',10,13,961.00,1922.00,2883.00,2944.00,4305.00,2),(278,'2016-06-30',10,13,931.00,1862.00,2793.00,2824.00,4155.00,2),(279,'2016-07-01',10,13,798.00,1596.00,2394.00,2292.00,3490.00,2),(280,'2016-07-02',10,13,572.00,1144.00,1716.00,1388.00,2360.00,2),(281,'2016-07-03',10,13,544.00,1088.00,1632.00,1276.00,2220.00,2),(282,'2016-07-04',10,13,897.00,1794.00,2691.00,2688.00,3985.00,2),(283,'2016-07-05',10,13,867.00,1734.00,2601.00,2568.00,3835.00,2),(284,'2016-07-06',10,13,799.00,1598.00,2397.00,2296.00,3495.00,2),(285,'2016-07-07',10,13,675.00,1350.00,2025.00,1800.00,2875.00,2),(286,'2016-07-08',10,13,969.00,1938.00,2907.00,2976.00,4345.00,2),(287,'2016-07-09',10,13,520.00,1040.00,1560.00,1180.00,2100.00,2),(288,'2016-07-10',10,13,959.00,1918.00,2877.00,2936.00,4295.00,2),(289,'2016-06-20',10,13,732.00,1464.00,2196.00,2028.00,3160.00,2),(290,'2016-06-21',10,13,900.00,1800.00,2700.00,2700.00,4000.00,2),(291,'2016-06-22',10,13,683.00,1366.00,2049.00,1832.00,2915.00,2),(292,'2016-06-20',10,14,880.00,1760.00,2640.00,2620.00,3900.00,2),(293,'2016-06-21',10,14,924.00,1848.00,2772.00,2796.00,4120.00,2),(294,'2016-06-22',10,14,877.00,1754.00,2631.00,2608.00,3885.00,2),(295,'2016-06-23',10,14,639.00,1278.00,1917.00,1656.00,2695.00,2),(296,'2016-06-24',10,14,585.00,1170.00,1755.00,1440.00,2425.00,2),(297,'2016-06-25',10,14,849.00,1698.00,2547.00,2496.00,3745.00,2),(298,'2016-06-26',10,14,507.00,1014.00,1521.00,1128.00,2035.00,2),(299,'2016-06-27',10,14,847.00,1694.00,2541.00,2488.00,3735.00,2),(300,'2016-06-28',10,14,627.00,1254.00,1881.00,1608.00,2635.00,2),(301,'2016-06-29',10,14,586.00,1172.00,1758.00,1444.00,2430.00,2),(302,'2016-06-30',10,14,861.00,1722.00,2583.00,2544.00,3805.00,2),(303,'2016-07-01',10,14,602.00,1204.00,1806.00,1508.00,2510.00,2),(304,'2016-07-02',10,14,527.00,1054.00,1581.00,1208.00,2135.00,2),(305,'2016-07-03',10,14,569.00,1138.00,1707.00,1376.00,2345.00,2),(306,'2016-07-04',10,14,573.00,1146.00,1719.00,1392.00,2365.00,2),(307,'2016-07-05',10,14,818.00,1636.00,2454.00,2372.00,3590.00,2),(308,'2016-07-06',10,14,584.00,1168.00,1752.00,1436.00,2420.00,2),(309,'2016-07-07',10,14,689.00,1378.00,2067.00,1856.00,2945.00,2),(310,'2016-07-08',10,14,838.00,1676.00,2514.00,2452.00,3690.00,2),(311,'2016-07-09',10,14,661.00,1322.00,1983.00,1744.00,2805.00,2),(312,'2016-07-10',10,14,601.00,1202.00,1803.00,1504.00,2505.00,2),(313,'2016-06-20',10,14,723.00,1446.00,2169.00,1992.00,3115.00,2),(314,'2016-06-21',10,14,909.00,1818.00,2727.00,2736.00,4045.00,2),(315,'2016-06-22',10,14,854.00,1708.00,2562.00,2516.00,3770.00,2),(316,'2016-06-20',10,15,565.00,1130.00,1695.00,1360.00,2325.00,2),(317,'2016-06-21',10,15,923.00,1846.00,2769.00,2792.00,4115.00,2),(318,'2016-06-22',10,15,884.00,1768.00,2652.00,2636.00,3920.00,2),(319,'2016-06-23',10,15,860.00,1720.00,2580.00,2540.00,3800.00,2),(320,'2016-06-24',10,15,688.00,1376.00,2064.00,1852.00,2940.00,2),(321,'2016-06-25',10,15,536.00,1072.00,1608.00,1244.00,2180.00,2),(322,'2016-06-26',10,15,800.00,1600.00,2400.00,2300.00,3500.00,2),(323,'2016-06-27',10,15,839.00,1678.00,2517.00,2456.00,3695.00,2),(324,'2016-06-28',10,15,856.00,1712.00,2568.00,2524.00,3780.00,2),(325,'2016-06-29',10,15,799.00,1598.00,2397.00,2296.00,3495.00,2),(326,'2016-06-30',10,15,841.00,1682.00,2523.00,2464.00,3705.00,2),(327,'2016-07-01',10,15,969.00,1938.00,2907.00,2976.00,4345.00,2),(328,'2016-07-02',10,15,540.00,1080.00,1620.00,1260.00,2200.00,2),(329,'2016-07-03',10,15,817.00,1634.00,2451.00,2368.00,3585.00,2),(330,'2016-07-04',10,15,764.00,1528.00,2292.00,2156.00,3320.00,2),(331,'2016-07-05',10,15,869.00,1738.00,2607.00,2576.00,3845.00,2),(332,'2016-07-06',10,15,535.00,1070.00,1605.00,1240.00,2175.00,2),(333,'2016-07-07',10,15,615.00,1230.00,1845.00,1560.00,2575.00,2),(334,'2016-07-08',10,15,503.00,1006.00,1509.00,1112.00,2015.00,2),(335,'2016-07-09',10,15,764.00,1528.00,2292.00,2156.00,3320.00,2),(336,'2016-07-10',10,15,703.00,1406.00,2109.00,1912.00,3015.00,2),(337,'2016-06-20',10,16,707.00,1414.00,2121.00,1928.00,3035.00,2),(338,'2016-06-21',10,16,930.00,1860.00,2790.00,2820.00,4150.00,2);
/*!40000 ALTER TABLE `disponibilidadeacomodacao` ENABLE KEYS */;
UNLOCK TABLES;

--
-- Table structure for table `hotel`
--

DROP TABLE IF EXISTS `hotel`;
/*!40101 SET @saved_cs_client     = @@character_set_client */;
/*!40101 SET character_set_client = utf8 */;
CREATE TABLE `hotel` (
  `HOTCODIGO` int(11) NOT NULL AUTO_INCREMENT,
  `HOTNOME` varchar(50) NOT NULL,
  `HOTENDERECO` varchar(100) NOT NULL,
  `HOTFOTO` varchar(100) NOT NULL,
  `CAFEINCLUSO` tinyint(1) NOT NULL DEFAULT '1',
  `WIFI` tinyint(1) NOT NULL DEFAULT '1',
  `ESTACIONAMENTO` tinyint(1) NOT NULL DEFAULT '1',
  PRIMARY KEY (`HOTCODIGO`)
) ENGINE=InnoDB AUTO_INCREMENT=13 DEFAULT CHARSET=utf8;
/*!40101 SET character_set_client = @saved_cs_client */;

--
-- Dumping data for table `hotel`
--

LOCK TABLES `hotel` WRITE;
/*!40000 ALTER TABLE `hotel` DISABLE KEYS */;
INSERT INTO `hotel` VALUES (2,'Radisson Blue Hotel\r\n','Ryhno Street','radisson.jpg',1,1,1),(3,'Park Inn by Radisson Abu Dhabi\r\n','Street B','parkin.jpg',1,1,1),(4,'Dusit Thani\r\n','Thani Street','dusit.jpg',1,1,1),(5,'Rosewood Abu Dhabi','Ilha de Al Maryah','rosewood.jpg',1,1,1),(6,'The St. Regis Saadiyat Island Resort, Abu Dhabi','Ilha Saadiyat','stregis.jpg',1,0,0),(7,'Park Arjaan by Rotana','Paruqe Rotana','arjaan.jpg',1,1,0),(8,'Beach Rotana','Abu Dhabi Mall Street','beachrotana.jpg',0,1,1),(9,'Millennium Corniche Hotel Abu Dhabi ','Capital Gardens Street','millennium.jpg',0,1,1),(10,'\r\nLe Royal Meridien','Golfo Pérsico','royal.jpg',1,0,0),(11,'\r\nYas Viceroy','Ilha Yas, Abu Dhabi','viceroy.jpg',0,0,0),(12,'\r\nAloft Abu Dhabi','Street 4 Abu Dhabi','aloft.jpg',1,1,1);
/*!40000 ALTER TABLE `hotel` ENABLE KEYS */;
UNLOCK TABLES;

--
-- Table structure for table `reserva`
--

DROP TABLE IF EXISTS `reserva`;
/*!40101 SET @saved_cs_client     = @@character_set_client */;
/*!40101 SET character_set_client = utf8 */;
CREATE TABLE `reserva` (
  `RESCODIGO` int(11) NOT NULL AUTO_INCREMENT,
  `CLICODIGO` int(11) DEFAULT NULL,
  `TIPCODIGO` int(11) NOT NULL,
  `RESDATAINICIO` date NOT NULL,
  `RESDATAFIM` date NOT NULL,
  `RESQUANTIDADEADULTOS` int(11) DEFAULT NULL,
  `RESVALORRESERVA` decimal(18,2) DEFAULT NULL,
  PRIMARY KEY (`RESCODIGO`),
  KEY `FK_Reserva_Cliente` (`CLICODIGO`),
  KEY `FK_Reserva_TIPOACOMODACAO` (`TIPCODIGO`),
  CONSTRAINT `FK_Reserva_Cliente` FOREIGN KEY (`CLICODIGO`) REFERENCES `cliente` (`CLICODIGO`) ON DELETE NO ACTION ON UPDATE NO ACTION,
  CONSTRAINT `FK_Reserva_TIPOACOMODACAO` FOREIGN KEY (`TIPCODIGO`) REFERENCES `tipoacomodacao` (`TIPCODIGO`) ON DELETE NO ACTION ON UPDATE NO ACTION
) ENGINE=InnoDB DEFAULT CHARSET=utf8;
/*!40101 SET character_set_client = @saved_cs_client */;

--
-- Dumping data for table `reserva`
--

LOCK TABLES `reserva` WRITE;
/*!40000 ALTER TABLE `reserva` DISABLE KEYS */;
/*!40000 ALTER TABLE `reserva` ENABLE KEYS */;
UNLOCK TABLES;

--
-- Table structure for table `tipoacomodacao`
--

DROP TABLE IF EXISTS `tipoacomodacao`;
/*!40101 SET @saved_cs_client     = @@character_set_client */;
/*!40101 SET character_set_client = utf8 */;
CREATE TABLE `tipoacomodacao` (
  `TIPCODIGO` int(11) NOT NULL AUTO_INCREMENT,
  `TIPNOME` varchar(100) NOT NULL,
  `HOTCODIGO` int(11) DEFAULT NULL,
  `TIPDESCRICAO` longtext,
  `TIPMAXADULTOS` int(11) DEFAULT NULL,
  `TIPMAXCRIANCAS` int(11) DEFAULT NULL,
  `TIPVALORMINIMO` decimal(18,2) DEFAULT NULL,
  PRIMARY KEY (`TIPCODIGO`),
  KEY `FK_TIPOACOMODACAO_Hotel` (`HOTCODIGO`),
  CONSTRAINT `FK_TIPOACOMODACAO_Hotel` FOREIGN KEY (`HOTCODIGO`) REFERENCES `hotel` (`HOTCODIGO`) ON DELETE NO ACTION ON UPDATE NO ACTION
) ENGINE=InnoDB AUTO_INCREMENT=25 DEFAULT CHARSET=utf8;
/*!40101 SET character_set_client = @saved_cs_client */;

--
-- Dumping data for table `tipoacomodacao`
--

LOCK TABLES `tipoacomodacao` WRITE;
/*!40000 ALTER TABLE `tipoacomodacao` DISABLE KEYS */;
INSERT INTO `tipoacomodacao` VALUES (1,'Standard',2,'O hotel standard conta com camas totalmente confortáveis, ar-condicionado e tv',2,1,400.00),(2,'Standard',3,'O hotel standard conta com camas totalmente confortáveis, ar-condicionado e tv',2,1,450.00),(3,'Standard',4,'O hotel standard conta com camas totalmente confortáveis, ar-condicionado e tv',2,1,700.00),(4,'Standard',5,'O hotel standard conta com camas totalmente confortáveis, ar-condicionado e tv',2,1,555.00),(5,'Standard',6,'O hotel standard conta com camas totalmente confortáveis, ar-condicionado e tv',2,1,422.00),(6,'Standard',7,'O hotel standard conta com camas totalmente confortáveis, ar-condicionado e tv',2,1,599.00),(7,'Standard',8,'O hotel standard conta com camas totalmente confortáveis, ar-condicionado e tv',2,1,329.00),(8,'Standard',9,'O hotel standard conta com camas totalmente confortáveis, ar-condicionado e tv',2,1,500.00),(9,'Luxo',2,'O quarto conta com hidromassagem, camas totalmente confortáveis, ar-condicionado e tv',3,1,1000.00),(10,'Luxo',3,'O quarto conta com hidromassagem, camas totalmente confortáveis, ar-condicionado e tv',2,1,1200.00),(11,'Luxo',4,'O quarto conta com hidromassagem, camas totalmente confortáveis, ar-condicionado e tv',3,1,1150.00),(12,'Luxo',5,'O quarto conta com hidromassagem, camas totalmente confortáveis, ar-condicionado e tv',4,1,1110.00),(13,'Luxo',6,'O quarto conta com hidromassagem, camas totalmente confortáveis, ar-condicionado e tv',2,1,1020.00),(14,'Luxo',7,'O quarto conta com hidromassagem, camas totalmente confortáveis, ar-condicionado e tv',3,1,1800.00),(15,'Luxo',8,'O quarto conta com hidromassagem, camas totalmente confortáveis, ar-condicionado e tv',4,1,750.00),(16,'Luxo',9,'O quarto conta com hidromassagem, camas totalmente confortáveis, ar-condicionado e tv',2,1,650.00),(17,'Suíte Presidencial',2,'O quarto conta com hidromassagem, camas elétricas confortáveis, ar-condicionado e tv de 60 polegadas',2,1,3000.00),(18,'Suíte Presidencial',3,'O quarto conta com hidromassagem, camas elétricas confortáveis, ar-condicionado e tv de 60 polegadas',2,1,3200.00),(19,'Suíte Presidencial',4,'O quarto conta com hidromassagem, camas elétricas confortáveis, ar-condicionado e tv de 60 polegadas',2,1,3120.00),(20,'Suíte Presidencial',5,'O quarto conta com hidromassagem, camas elétricas confortáveis, ar-condicionado e tv de 60 polegadas',2,1,3000.00),(21,'Suíte Presidencial',6,'O quarto conta com hidromassagem, camas elétricas confortáveis, ar-condicionado e tv de 60 polegadas',2,1,2995.00),(22,'Suíte Presidencial',7,'O quarto conta com hidromassagem, camas elétricas confortáveis, ar-condicionado e tv de 60 polegadas',2,1,2800.00),(23,'Suíte Presidencial',8,'O quarto conta com hidromassagem, camas elétricas confortáveis, ar-condicionado e tv de 60 polegadas',2,1,3400.00),(24,'Suíte Presidencial',9,'O quarto conta com hidromassagem, camas elétricas confortáveis, ar-condicionado e tv de 60 polegadas',2,1,3650.00);
/*!40000 ALTER TABLE `tipoacomodacao` ENABLE KEYS */;
UNLOCK TABLES;
/*!40103 SET TIME_ZONE=@OLD_TIME_ZONE */;

/*!40101 SET SQL_MODE=@OLD_SQL_MODE */;
/*!40014 SET FOREIGN_KEY_CHECKS=@OLD_FOREIGN_KEY_CHECKS */;
/*!40014 SET UNIQUE_CHECKS=@OLD_UNIQUE_CHECKS */;
/*!40101 SET CHARACTER_SET_CLIENT=@OLD_CHARACTER_SET_CLIENT */;
/*!40101 SET CHARACTER_SET_RESULTS=@OLD_CHARACTER_SET_RESULTS */;
/*!40101 SET COLLATION_CONNECTION=@OLD_COLLATION_CONNECTION */;
/*!40111 SET SQL_NOTES=@OLD_SQL_NOTES */;

-- Dump completed on 2016-05-09  0:25:02
