CREATE DATABASE  IF NOT EXISTS `database` /*!40100 DEFAULT CHARACTER SET utf8mb4 COLLATE utf8mb4_0900_ai_ci */ /*!80016 DEFAULT ENCRYPTION='N' */;
USE `database`;
-- MySQL dump 10.13  Distrib 8.0.31, for Win64 (x86_64)
--
-- Host: localhost    Database: database
-- ------------------------------------------------------
-- Server version	8.0.31

/*!40101 SET @OLD_CHARACTER_SET_CLIENT=@@CHARACTER_SET_CLIENT */;
/*!40101 SET @OLD_CHARACTER_SET_RESULTS=@@CHARACTER_SET_RESULTS */;
/*!40101 SET @OLD_COLLATION_CONNECTION=@@COLLATION_CONNECTION */;
/*!50503 SET NAMES utf8 */;
/*!40103 SET @OLD_TIME_ZONE=@@TIME_ZONE */;
/*!40103 SET TIME_ZONE='+00:00' */;
/*!40014 SET @OLD_UNIQUE_CHECKS=@@UNIQUE_CHECKS, UNIQUE_CHECKS=0 */;
/*!40014 SET @OLD_FOREIGN_KEY_CHECKS=@@FOREIGN_KEY_CHECKS, FOREIGN_KEY_CHECKS=0 */;
/*!40101 SET @OLD_SQL_MODE=@@SQL_MODE, SQL_MODE='NO_AUTO_VALUE_ON_ZERO' */;
/*!40111 SET @OLD_SQL_NOTES=@@SQL_NOTES, SQL_NOTES=0 */;

--
-- Table structure for table `addonservicedetails`
--

DROP TABLE IF EXISTS `addonservicedetails`;
/*!40101 SET @saved_cs_client     = @@character_set_client */;
/*!50503 SET character_set_client = utf8mb4 */;
CREATE TABLE `addonservicedetails` (
  `ID` bigint NOT NULL,
  `GUID` varchar(64) NOT NULL,
  `AddonServiceID` bigint NOT NULL,
  `ServiceID` bigint NOT NULL,
  `Price` decimal(10,2) NOT NULL,
  `FromDate` datetime(6) NOT NULL,
  `Notes` varchar(250) CHARACTER SET utf8mb4 COLLATE utf8mb4_0900_ai_ci NOT NULL,
  `NumberOfPeople` bigint NOT NULL,
  `isRefund` tinyint(1) NOT NULL,
  PRIMARY KEY (`ID`),
  KEY `FK_AddonServiceDetails_Services` (`ServiceID`),
  KEY `FK_AddonServiceDetails_AddonServices` (`AddonServiceID`),
  CONSTRAINT `FK_AddonServiceDetails_AddonServices` FOREIGN KEY (`AddonServiceID`) REFERENCES `addonservices` (`ID`),
  CONSTRAINT `FK_AddonServiceDetails_Services` FOREIGN KEY (`ServiceID`) REFERENCES `services` (`ID`)
) ENGINE=InnoDB DEFAULT CHARSET=utf8mb4 COLLATE=utf8mb4_0900_ai_ci;
/*!40101 SET character_set_client = @saved_cs_client */;

--
-- Dumping data for table `addonservicedetails`
--

LOCK TABLES `addonservicedetails` WRITE;
/*!40000 ALTER TABLE `addonservicedetails` DISABLE KEYS */;
INSERT INTO `addonservicedetails` VALUES (1,'02E20A1F-3272-452D-AD9D-B66941D4DF97',1,45,910.00,'2022-10-15 00:00:00.000000',' ---- ',205,0),(2,'4CD9EC78-8F6A-45CA-A342-32BAC85A32E4',2,45,65.00,'2022-10-15 00:00:00.000000','   ***  ',5,0),(3,'B6FB076B-A792-4322-8669-B8B23FBEED12',3,39,5740.00,'2022-10-15 00:00:00.000000',' ---- ',41,0),(4,'17952690-5C76-4F1A-A622-855392E8EC02',4,39,5600.00,'2022-10-15 00:00:00.000000',' **** ',40,0);
/*!40000 ALTER TABLE `addonservicedetails` ENABLE KEYS */;
UNLOCK TABLES;

--
-- Table structure for table `addonservices`
--

DROP TABLE IF EXISTS `addonservices`;
/*!40101 SET @saved_cs_client     = @@character_set_client */;
/*!50503 SET character_set_client = utf8mb4 */;
CREATE TABLE `addonservices` (
  `ID` bigint NOT NULL,
  `GUID` varchar(64) NOT NULL,
  `UserID` bigint NOT NULL,
  `CouponID` bigint DEFAULT NULL,
  PRIMARY KEY (`ID`),
  KEY `FK_AddonServices_Coupons` (`CouponID`),
  KEY `FK_AddonServices_Users` (`UserID`),
  CONSTRAINT `FK_AddonServices_Coupons` FOREIGN KEY (`CouponID`) REFERENCES `coupons` (`ID`),
  CONSTRAINT `FK_AddonServices_Users` FOREIGN KEY (`UserID`) REFERENCES `users` (`ID`)
) ENGINE=InnoDB DEFAULT CHARSET=utf8mb4 COLLATE=utf8mb4_0900_ai_ci;
/*!40101 SET character_set_client = @saved_cs_client */;

--
-- Dumping data for table `addonservices`
--

LOCK TABLES `addonservices` WRITE;
/*!40000 ALTER TABLE `addonservices` DISABLE KEYS */;
INSERT INTO `addonservices` VALUES (1,'68144AE1-749B-4E9F-86DC-BE4B2D95D226',3,NULL),(2,'2D8FECCC-63E2-4B1F-82F3-80ADA470F5F1',3,NULL),(3,'2A50B37D-558A-4867-BC4D-1D75A6004EE6',2,NULL),(4,'44376037-AE83-424F-990D-39AAC977AF66',2,NULL);
/*!40000 ALTER TABLE `addonservices` ENABLE KEYS */;
UNLOCK TABLES;

--
-- Table structure for table `amenities`
--

DROP TABLE IF EXISTS `amenities`;
/*!40101 SET @saved_cs_client     = @@character_set_client */;
/*!50503 SET character_set_client = utf8mb4 */;
CREATE TABLE `amenities` (
  `ID` bigint NOT NULL,
  `GUID` varchar(64) NOT NULL,
  `Name` varchar(50) CHARACTER SET utf8mb4 COLLATE utf8mb4_0900_ai_ci NOT NULL,
  `IconName` varchar(50) CHARACTER SET utf8mb4 COLLATE utf8mb4_0900_ai_ci DEFAULT NULL,
  PRIMARY KEY (`ID`)
) ENGINE=InnoDB DEFAULT CHARSET=utf8mb4 COLLATE=utf8mb4_0900_ai_ci;
/*!40101 SET character_set_client = @saved_cs_client */;

--
-- Dumping data for table `amenities`
--

LOCK TABLES `amenities` WRITE;
/*!40000 ALTER TABLE `amenities` DISABLE KEYS */;
INSERT INTO `amenities` VALUES (1,'37647C60-15AA-4A41-8AF3-2583496919C9','Parking','001-home.png'),(2,'488716B5-9323-4335-85EB-E17B78B5BA64','Free Wifi','028-connection.png'),(3,'AF861AA0-3828-4845-B013-2E0BB33A36E2','Room Service','274-checkmark2.png'),(4,'55091928-B7E2-4BD4-A42B-F80A94E4E1DC','Breakfast','164-spoon-knife.png'),(5,'0F502995-17F2-4F4D-8C80-7545F6B93EC7','Hair Styling Tools','347-scissors.png'),(6,'62161419-A17B-49F9-BCA8-A9063BD78B21','Sound System','295-volume-high.png'),(7,'4DB627DB-E0D8-4D7C-8549-5ACE684B706F','Safety box','143-key2.png'),(8,'129418AE-B767-4ABF-9283-063F14C3FE86','Business Facilities','085-printer.png'),(9,'271B3A3F-EB49-4FE9-B8A0-F61337CFC343','Laundry Services','341-radio-checked.png'),(10,'DBF027C9-8AAE-4990-A5CE-01B319D80FE1','Daily Newspaper','005-newspaper.png'),(11,'D5010DAE-314A-4CD8-BF6A-FBC53A8005D1','Entertainment','018-music.png');
/*!40000 ALTER TABLE `amenities` ENABLE KEYS */;
UNLOCK TABLES;

--
-- Table structure for table `areas`
--

DROP TABLE IF EXISTS `areas`;
/*!40101 SET @saved_cs_client     = @@character_set_client */;
/*!50503 SET character_set_client = utf8mb4 */;
CREATE TABLE `areas` (
  `ID` bigint NOT NULL,
  `GUID` varchar(64) NOT NULL,
  `Name` varchar(50) CHARACTER SET utf8mb4 COLLATE utf8mb4_0900_ai_ci NOT NULL,
  PRIMARY KEY (`ID`)
) ENGINE=InnoDB DEFAULT CHARSET=utf8mb4 COLLATE=utf8mb4_0900_ai_ci;
/*!40101 SET character_set_client = @saved_cs_client */;

--
-- Dumping data for table `areas`
--

LOCK TABLES `areas` WRITE;
/*!40000 ALTER TABLE `areas` DISABLE KEYS */;
INSERT INTO `areas` VALUES (1,'2C64DB74-3D74-46F6-BF61-2E6869E49A59','Dobong-gu'),(2,'4F7BBAC7-6D44-4662-BCD5-174BEC2E0D59','Dongdaemun-gu'),(3,'E65838A5-3E1C-4631-8909-D76601D9D859','Eunpyeong-gu'),(4,'417668A8-6796-41CB-BC7A-687C66CD06EB','Gangbuk-gu'),(5,'4306FC47-6862-4979-900D-9F3FD3D727C9','Gangdong-gu'),(6,'6073B706-C1F4-4DDE-94D4-4CFD7E9033FF','Gangnam-gu'),(7,'F34A7E3C-BE5B-4EAF-8B60-A01C02CBCF42','Gangseo-gu'),(8,'C75476CC-36F0-4047-9F76-3C679D9F7720','Geumcheon-gu'),(9,'40BA3129-4FBF-4AC4-88F7-5A7F7B7682FE','Guro-gu'),(10,'21117C16-473F-44A8-927B-AFA8F5E5A578','Jongno-gu'),(11,'0191510C-86D9-4B7C-8C37-53897B89A51C','Jung-gu'),(12,'C826D5C8-353A-43E7-A8DB-E596785A5709','Jungnang-gu'),(13,'E127AD40-E033-48BC-A37C-4FB7D49FDD65','Mapo-gu'),(14,'63A610A1-5DE4-4C09-B113-39766145BB17','Nowon-gu'),(15,'3723C5BC-0643-4526-8F14-D21FB36275CC','Seocho-gu'),(16,'89F6E1FD-7E66-4716-A6A9-E6535CD77129','Seodaemun-gu'),(17,'0CEBD35E-77D5-4D3F-BF2D-61E82FA4688B','Seongbuk-gu'),(18,'5A1A36C0-5111-4701-A4CC-5F3D4DFF2F71','Seongdong-gu'),(19,'DF0AF61B-7E9E-4BD5-84DC-6D5F448BBD52','Songpa-gu'),(20,'F91550E6-21A0-4841-A0E7-98CD24945263','Yangcheon-gu'),(21,'37211B04-EA72-45F0-9CC8-E5BA28F51943','Yeongdeungpo-gu'),(22,'4A12B92D-5965-4784-A5CE-87CE3E0ADA03','Yongsan-gu');
/*!40000 ALTER TABLE `areas` ENABLE KEYS */;
UNLOCK TABLES;

--
-- Table structure for table `attractions`
--

DROP TABLE IF EXISTS `attractions`;
/*!40101 SET @saved_cs_client     = @@character_set_client */;
/*!50503 SET character_set_client = utf8mb4 */;
CREATE TABLE `attractions` (
  `ID` bigint NOT NULL,
  `GUID` varchar(64) NOT NULL,
  `AreaID` bigint NOT NULL,
  `Name` varchar(150) CHARACTER SET utf8mb4 COLLATE utf8mb4_0900_ai_ci NOT NULL,
  `Address` varchar(500) NOT NULL,
  PRIMARY KEY (`ID`),
  KEY `FK_Attractions_Areas` (`AreaID`),
  CONSTRAINT `FK_Attractions_Areas` FOREIGN KEY (`AreaID`) REFERENCES `areas` (`ID`)
) ENGINE=InnoDB DEFAULT CHARSET=utf8mb4 COLLATE=utf8mb4_0900_ai_ci;
/*!40101 SET character_set_client = @saved_cs_client */;

--
-- Dumping data for table `attractions`
--

LOCK TABLES `attractions` WRITE;
/*!40000 ALTER TABLE `attractions` DISABLE KEYS */;
INSERT INTO `attractions` VALUES (1,'670C374A-5FE5-4065-9F1E-18ED5D7232D6',1,'Dobongsan','30 Thompson Street'),(2,'C21B75A4-089B-4F5B-BC24-FD89139DBF08',2,'Cheongnyangni Station','Front Royal, VA 22630'),(3,'500919EB-EB16-4456-816E-7FE606A8B2E4',2,'Gyeongdong Market','59 Ann Circle'),(4,'EB14EEFB-E3B3-45F2-96EF-C9199D043CD3',2,'Hongneung Park(Arboretum)','Cary, NC 27511'),(5,'436F48E0-27E8-48C5-B25E-D1A1BB7D5EF9',3,'Bongsan Park','75 Circle Street'),(6,'5124200E-DFF6-40B8-A017-B93D69C18673',3,'Gupabal Fall','Lenoir, NC 28645'),(7,'571CEB35-139A-42BF-BDE0-EF892B820428',4,'Bukhansan National Park','8698 SE. Franklin Street'),(8,'E1BAB1D7-1B86-46A4-A6D2-0888CCBC0F72',4,'Dream Forest','Superior, WI 54880'),(9,'43CCBFCE-9485-4CF1-AFF0-8CCF1E23FA21',5,'Cheonhodong Park','503 Lincoln Dr.'),(10,'3D52550E-2722-4205-A259-4A076988DCBD',5,'Dunchun-dong Marsh Area','Methuen, MA 01844'),(11,'48BE80BF-B6E7-4F80-B5D6-60195FA2490F',5,'Kildong Ecological Park','7348 Lincoln St.'),(12,'C787224D-D300-444A-9CDA-B0A57774FD61',5,'Saetmaeul Park','Sunnyside, NY 11104'),(13,'05FBE1C9-CE6B-49F5-A907-4930B68A8459',6,'Bongeunsa Temple','144 Big Rock Cove Ave.'),(14,'9F7EBF02-134D-406B-99A2-8070B57C4CAB',6,'COEX Mall','New Rochelle, NY 10801'),(15,'68A11502-6F31-4D0B-823E-9BB00078013A',6,'Dosan Park','7 Railroad Street'),(16,'B12281C8-6674-4BC4-964C-08A42962CE34',6,'Gangnam Station','Lafayette, IN 47905'),(17,'B3C593E9-1E54-4E2E-A1A7-7F289213D988',6,'Garosu-gil','152 Shadow Brook St.'),(18,'37A5D8D7-6C76-47AB-8AFE-C2FC248B8469',6,'Kukkiwon','Dearborn, MI 48124'),(19,'DE4533AE-571F-4EA6-9469-B55548E1215B',6,'Teheranno','360 S. Ocean Street'),(20,'763D45BC-035C-4BFC-92CF-2B19C63B6C94',6,'Yangjaecheon','Moses Lake, WA 98837'),(21,'08BE9B58-C945-4913-B80F-4600320D6823',7,'Gimpo International Airport','450 Grant Street'),(22,'1C4F1F28-E448-4CF6-95A0-C64AD3539FE7',7,'Heojun Museum','Lumberton, NC 28358'),(23,'5755FD24-D126-432B-A3F7-2B79D261786D',7,'Maewha Park','84 Sunbeam Ave.'),(24,'29A90F3F-88CA-44B7-A6DE-A80AC57C6172',8,'Anyangcheon','Ozone Park, NY 11417'),(25,'B17A6EF8-BE4C-4D3E-B453-26AB324D59F7',9,'Gocheok Sky Dome','248 Pulaski Street'),(26,'D4E99B8E-673E-4131-8162-2D5A838E5DD0',9,'Pureun Arboretum','Arlington, MA 02474'),(27,'7C56446A-0A97-4E61-955A-82212934BB5E',9,'Sindorim Station','8344 South Gartner St.'),(28,'DC08160D-258A-4C0D-A914-E9689BE5C764',10,'Bukchon Hanok Village','Roselle, IL 60172'),(29,'EE715DBA-E116-4A16-AF71-E96A34C010F3',10,'Changdeokgung','7327 Lookout St.'),(30,'CE9AC1B8-3AB3-48E4-88EF-A68A38C6B5B1',10,'Cheonggyecheon','Nicholasville, KY 40356'),(31,'55CB4E8B-BBF5-4DB5-B034-877F530E911C',10,'Cheongwadae','209 South Lafayette Rd.'),(32,'09DC1955-BB6C-487C-9F59-5B3B715256E3',10,'Dongmyo Park','Newton, NJ 07860'),(33,'E5B5571A-40AD-4F43-9497-6F9603E7B688',10,'Gwanghwamun Plaza','541 Oak Valley Ave.'),(34,'48A4FCDE-98A9-4E12-BF74-1751B8BFB30F',10,'Gyeongbokgung','Suwanee, GA 30024'),(35,'D2093686-AC48-4600-85ED-2644EA02BAA7',10,'Heunginjimun','8691 Garfield Avenue'),(36,'D967BB02-F421-41A6-955C-10F487BCDDA2',10,'Jogyesa','Lorain, OH 44052'),(37,'8B262041-F13D-43E8-99A5-24741D37AE87',10,'Jongmyo','715 Crescent St.'),(38,'B78C4A71-F3BE-4B21-9F5A-2C5BD58432E1',10,'Naksan Park','Cornelius, NC 28031'),(39,'353BA2AF-7C9F-41D7-A8DE-E885F0EC729C',10,'National Folk Museum of Korea','75 East Pumpkin Hill Ave.'),(40,'0AFEFC47-0DE2-461C-90CA-B6920EF3357D',11,'Deoksugung','Redondo Beach, CA 90278'),(41,'A91DDA48-3355-4D4D-AF6D-34E50674467C',11,'Dongdaemun Design Plaza','9471 Edgewood Street'),(42,'FED036E3-794C-4E3B-837C-E24442288420',11,'Hwangudan Park','Acworth, GA 30101'),(43,'046DC23F-94DF-4918-9EDD-7CF80A262560',11,'Myeongdong','7226C Devon Ave.'),(44,'C9DCEABB-FB78-4AF3-A2A8-3A30F67B6F8B',11,'N Seoul Tower','Whitestone, NY 11357'),(45,'BDEBED15-AF5E-45A4-9898-223B18820EEA',11,'Namdaemun','7984 Bishop St.'),(46,'FE8FD96D-A35A-43F1-8729-0198F21AD9F8',11,'Seoul City Hall','Muskogee, OK 74403'),(47,'193E68CD-1A15-4533-9EC4-D691D21740C4',11,'Seoul Museum of Art','146 Campfire Drive'),(48,'9A505543-C42A-4045-B5D6-D76AA736CEA1',11,'Seoul Station','Morgantown, WV 26508'),(49,'2E582E4C-7DBF-4093-B14F-4D5284CE5DE1',12,'Nadeuri Park','851 Carson St.'),(50,'5E916AD4-2346-477D-94F2-55AF53054269',12,'Yongma Land','Temple Hills, MD 20748'),(51,'17B00505-5091-4D1A-BC9E-DD7883D0E448',13,'Digital Media City','65 S. Cardinal St.'),(52,'9598739A-1FFC-443D-93A1-8EF30FD035AC',13,'Gyeongui Line Forest Park','Cantonment, FL 32533'),(53,'268668A4-3E0C-44CF-B0AF-82BCCB32D6C2',13,'Hongdae area','9480 Cleveland Dr.'),(54,'E5EDC165-E676-43CE-A651-AF25ED86A8E3',13,'Seoul World Cup Stadium','Honolulu, HI 96815'),(55,'E06297AD-3B81-4531-824F-19F40A20555D',14,'Seoul National University of Technology','8 Richardson Street'),(56,'CD906328-5A7B-4135-9510-9362BEEA1B99',14,'Seoul Women\'s University','Westlake, OH 44145'),(57,'D02B3B27-C659-442C-984C-816A78637229',15,'Samsung Town','27 Rockwell Street'),(58,'E1593C06-C864-46B3-9B2E-F8EC4E442058',15,'Seoul Arts Center','Alexandria, VA 22304'),(59,'07EAF64A-B3D9-4704-8AF5-C788326E9FE6',15,'Seoul Express Bus Terminal','798 Jackson Street'),(60,'761BD447-CD3D-4258-9FF2-B0E505B085CA',15,'Some Sevit','Tuckerton, NJ 08087'),(61,'B4E20994-10B3-4811-8E1A-5C75A2C19C9E',15,'Yangjae Citizens\' Forest','8609 Glenholme Ave.'),(62,'4D491DB8-65C0-4554-8837-83F8078C7247',16,'Bongwonsa','Kennesaw, GA 30144'),(63,'CAEE8716-E789-4001-B6FC-DBCCAAD14EAC',16,'Dongnimmun','24 Myers Ave.'),(64,'A3F8B044-401C-4ED6-8BD8-A0A53DA5A96E',16,'Ewha Womans University','Butler, PA 16001'),(65,'74C64A79-EBA1-4AA2-A2B9-86BC1B384165',16,'Independence Park','5 Anderson Drive'),(66,'D8C6F027-0004-453E-95A5-3B893B2A606F',16,'Seodaemun prison','Traverse City, MI 49684'),(67,'FA371C3A-A17B-408D-B11A-81FB68A1B938',16,'Sinchon','446 Woodside St.'),(68,'C6A6C1C6-DE43-454D-80DF-CEC8B7765207',16,'Yonsei University','King Of Prussia, PA 19406'),(69,'A6CCDAC4-7A27-419F-8C60-B21359FFB762',17,'Korea University','9063 Hilltop Dr.'),(70,'40CF80A1-CE31-4D97-9C06-2A82ACAB0875',18,'Eungbongsan','Fitchburg, MA 01420'),(71,'38E06B05-9FBE-4A6C-BD45-E87BB2D32592',18,'Seoul Forest','926 Johnson Lane'),(72,'FDE5680F-07A0-4369-8DAD-5225B9C52138',18,'Wangsimni Station','South Plainfield, NJ 07080'),(73,'1ED5EAA8-7CC6-4A42-8DE1-E16938AFA3AB',19,'Bangi-dong Marsh Area','9741 Birch Hill Rd.'),(74,'F282B028-DC53-449F-AF2B-A20E7219D5A1',19,'Garak Market','Billerica, MA 01821'),(75,'A214715A-EE23-4702-88E3-630E4AE28861',19,'Lotte World','9246 Taylor Drive'),(76,'506E8E1F-495B-44E0-AE07-E70E5A36ED12',19,'Lotte World Tower','Catonsville, MD 21228'),(77,'ED0F6670-1259-471D-AAC3-645D8DE8E570',19,'Olympic Park','44 James Dr.'),(78,'FB98EEBE-AAA5-4B87-B58E-D8A2562727E6',19,'Seokchon Lake','Germantown, MD 20874'),(79,'6CBA7151-3D41-4B95-BBD0-7BF48B0FFA01',19,'Seoul Sports Complex','30 Columbia St.'),(80,'DAE99287-C270-472C-9FEA-C5596D09611E',19,'Tancheon','Gloucester, MA 01930'),(81,'7D06A722-5DE5-4DD9-94AD-8FB83491BA97',19,'Wiryeseong','9014 Bank St.'),(82,'1F022532-2B3E-446E-A73B-18E6FA33DA8D',20,'CBS Headquarters','Melbourne, FL 32904'),(83,'57762F6C-0A84-4E24-8C72-16F223ADEDCC',20,'Hyperion Tower','176 N. Southampton Rd.'),(84,'C1B9931E-84E3-487F-8709-29FDBFF277DE',20,'Mokdong Statium','Kingsport, TN 37660'),(85,'02A51C9F-5418-41B1-8962-733B9F028A37',20,'SBS Headquarters','8278 Johnson Rd.'),(86,'42C6ACF3-C2B5-41E2-A493-1BAB4FFDCC4D',21,'63 Building','Salem, MA 01970'),(87,'9A4BC84D-C3F7-4D96-9F8A-D3ADEF8E9087',21,'Bamseom','9891A N. Garfield Lane'),(88,'E711B293-1BB5-42E6-B2C2-B01FAA5DF56E',21,'International Financial Center Seoul','Schererville, IN 46375'),(89,'2C011933-34E4-4E9C-8ACD-77D34E32D891',21,'National Assembly of South Korea','964 Berkshire Street'),(90,'B8DF601B-19A1-456E-8B0B-1426D6060775',21,'Seonyudo','Upper Marlboro, MD 20772'),(91,'E7BB05DC-003D-460B-B07D-A9E83F049F61',21,'Yeouido','9127 Monroe Lane'),(92,'70EABBE4-318F-4EA1-8250-FCAA71747EDD',21,'Yeouido Park','Monroeville, PA 15146'),(93,'ED4590A1-8B11-4F43-8B29-B425C81B9860',22,'Itaewon','7266 Marconi Drive'),(94,'8D289343-384E-4384-8566-51C9D35E750B',22,'National Museum of Korea','Greenville, NC 27834'),(95,'297B9C17-96E9-4981-8896-882A6423F6F5',22,'War Memorial of Korea','9380 Border St.'),(96,'BA8D786E-B9AB-45DD-B897-37755044FCD6',22,'Yongsan Electronics Market','Amityville, NY 11701'),(97,'E3061C73-A0CD-46EE-8617-894702B7C1C0',22,'Yongsan Garrison','558 Temple Lane'),(98,'646A2C4B-738C-48B1-B695-7D401E080647',22,'Yongsan Park','Clinton Township, MI 48035'),(99,'12BB2380-7234-47EB-A61E-4F35E9E84623',22,'Yongsan Station','358 Prince Dr.');
/*!40000 ALTER TABLE `attractions` ENABLE KEYS */;
UNLOCK TABLES;

--
-- Table structure for table `bookingdetails`
--

DROP TABLE IF EXISTS `bookingdetails`;
/*!40101 SET @saved_cs_client     = @@character_set_client */;
/*!50503 SET character_set_client = utf8mb4 */;
CREATE TABLE `bookingdetails` (
  `ID` bigint NOT NULL,
  `GUID` varchar(64) NOT NULL,
  `BookingID` bigint NOT NULL,
  `ItemPriceID` bigint NOT NULL,
  `isRefund` tinyint(1) NOT NULL,
  `RefundDate` date DEFAULT NULL,
  `RefundCancellationPoliciyID` bigint DEFAULT NULL,
  PRIMARY KEY (`ID`),
  KEY `FK_BookingDetails_Bookings` (`BookingID`),
  KEY `FK_BookingDetails_PlacePrices` (`ItemPriceID`),
  CONSTRAINT `FK_BookingDetails_Bookings` FOREIGN KEY (`BookingID`) REFERENCES `bookings` (`ID`),
  CONSTRAINT `FK_BookingDetails_PlacePrices` FOREIGN KEY (`ItemPriceID`) REFERENCES `itemprices` (`ID`)
) ENGINE=InnoDB DEFAULT CHARSET=utf8mb4 COLLATE=utf8mb4_0900_ai_ci;
/*!40101 SET character_set_client = @saved_cs_client */;

--
-- Dumping data for table `bookingdetails`
--

LOCK TABLES `bookingdetails` WRITE;
/*!40000 ALTER TABLE `bookingdetails` DISABLE KEYS */;
INSERT INTO `bookingdetails` VALUES (1,'4140C8D7-0ACF-4E3B-98AB-C7990ECB90E4',1,2,0,NULL,NULL),(2,'73BB1DAC-A6F7-4082-8A6D-2F471091083A',2,11,0,NULL,NULL),(3,'31CD25F0-90FF-4C18-98BD-5D38C2574F08',2,12,0,NULL,NULL),(4,'ED50D988-527C-4CF2-91C7-7820052661E9',3,7,0,NULL,NULL),(5,'EED666DD-8CC8-41E2-9291-57EF825FFDF0',4,8,0,NULL,NULL),(6,'97AF1858-71EF-40B7-B4DD-CFAFC73AFCDA',4,9,0,NULL,NULL),(7,'3065FA73-016A-43C0-8DFD-8C3837F07C47',5,15,0,NULL,NULL),(8,'1A5C1B4D-62F6-45A5-84E1-DA3BABFD16B8',6,21,0,NULL,NULL);
/*!40000 ALTER TABLE `bookingdetails` ENABLE KEYS */;
UNLOCK TABLES;

--
-- Table structure for table `bookings`
--

DROP TABLE IF EXISTS `bookings`;
/*!40101 SET @saved_cs_client     = @@character_set_client */;
/*!50503 SET character_set_client = utf8mb4 */;
CREATE TABLE `bookings` (
  `ID` bigint NOT NULL,
  `GUID` varchar(64) NOT NULL,
  `UserID` bigint NOT NULL,
  `BookingDate` datetime(6) NOT NULL,
  `CouponID` bigint DEFAULT NULL,
  `TransactionID` bigint DEFAULT NULL,
  `AmountPaid` decimal(18,2) DEFAULT NULL,
  PRIMARY KEY (`ID`),
  KEY `FK_Bookings_Coupons` (`CouponID`),
  KEY `FK_Bookings_Users` (`UserID`),
  KEY `FK_Bookings_Transactions` (`TransactionID`),
  CONSTRAINT `FK_Bookings_Coupons` FOREIGN KEY (`CouponID`) REFERENCES `coupons` (`ID`),
  CONSTRAINT `FK_Bookings_Transactions` FOREIGN KEY (`TransactionID`) REFERENCES `transactions` (`ID`),
  CONSTRAINT `FK_Bookings_Users` FOREIGN KEY (`UserID`) REFERENCES `users` (`ID`)
) ENGINE=InnoDB DEFAULT CHARSET=utf8mb4 COLLATE=utf8mb4_0900_ai_ci;
/*!40101 SET character_set_client = @saved_cs_client */;

--
-- Dumping data for table `bookings`
--

LOCK TABLES `bookings` WRITE;
/*!40000 ALTER TABLE `bookings` DISABLE KEYS */;
INSERT INTO `bookings` VALUES (1,'2F9FCC80-461A-4153-8A58-4037A5663B4A',4,'2022-09-10 00:00:00.000000',NULL,NULL,100.00),(2,'BEFA7FBE-152A-4708-915D-7BD76075BDFC',7,'2022-10-01 00:00:00.000000',NULL,NULL,410.00),(3,'3B1C5A47-5B64-4B4C-8C48-4F2F14C60025',4,'2022-09-25 00:00:00.000000',NULL,NULL,100.00),(4,'7BF219DB-2993-4275-8895-B70F36B3B9A4',6,'2022-09-26 00:00:00.000000',NULL,NULL,410.00),(5,'FA000874-1B67-42E3-AC9C-435432988BDF',7,'2022-09-29 00:00:00.000000',NULL,NULL,190.00),(6,'10A51EC5-09EB-4154-B6E4-D6DDDC15C03E',7,'2022-09-30 00:00:00.000000',NULL,NULL,140.00);
/*!40000 ALTER TABLE `bookings` ENABLE KEYS */;
UNLOCK TABLES;

--
-- Table structure for table `cancellationpolicies`
--

DROP TABLE IF EXISTS `cancellationpolicies`;
/*!40101 SET @saved_cs_client     = @@character_set_client */;
/*!50503 SET character_set_client = utf8mb4 */;
CREATE TABLE `cancellationpolicies` (
  `ID` bigint NOT NULL,
  `GUID` varchar(64) NOT NULL,
  `Name` varchar(100) NOT NULL,
  `Commission` decimal(5,2) NOT NULL,
  PRIMARY KEY (`ID`)
) ENGINE=InnoDB DEFAULT CHARSET=utf8mb4 COLLATE=utf8mb4_0900_ai_ci;
/*!40101 SET character_set_client = @saved_cs_client */;

--
-- Dumping data for table `cancellationpolicies`
--

LOCK TABLES `cancellationpolicies` WRITE;
/*!40000 ALTER TABLE `cancellationpolicies` DISABLE KEYS */;
INSERT INTO `cancellationpolicies` VALUES (1,'6CC083F6-C039-4AC2-ACB2-12A0058B0F73','Flexible',7.00),(2,'490C3C20-8974-4E69-96BF-3066C25D06BA','Moderate',15.00),(3,'7BFA6503-471F-45C1-AB22-796DB8F9D71D','Strict',25.00);
/*!40000 ALTER TABLE `cancellationpolicies` ENABLE KEYS */;
UNLOCK TABLES;

--
-- Table structure for table `cancellationrefundfees`
--

DROP TABLE IF EXISTS `cancellationrefundfees`;
/*!40101 SET @saved_cs_client     = @@character_set_client */;
/*!50503 SET character_set_client = utf8mb4 */;
CREATE TABLE `cancellationrefundfees` (
  `ID` bigint NOT NULL,
  `GUID` varchar(64) NOT NULL,
  `CancellationPolicyID` bigint NOT NULL,
  `DaysLeft` int NOT NULL,
  `PenaltyPercentage` decimal(5,2) NOT NULL,
  PRIMARY KEY (`ID`),
  KEY `FK_CancellationRefundFees_CancellationPolicies` (`CancellationPolicyID`),
  CONSTRAINT `FK_CancellationRefundFees_CancellationPolicies` FOREIGN KEY (`CancellationPolicyID`) REFERENCES `cancellationpolicies` (`ID`)
) ENGINE=InnoDB DEFAULT CHARSET=utf8mb4 COLLATE=utf8mb4_0900_ai_ci;
/*!40101 SET character_set_client = @saved_cs_client */;

--
-- Dumping data for table `cancellationrefundfees`
--

LOCK TABLES `cancellationrefundfees` WRITE;
/*!40000 ALTER TABLE `cancellationrefundfees` DISABLE KEYS */;
INSERT INTO `cancellationrefundfees` VALUES (1,'A036741A-5582-44A0-A20D-5484CE3FA570',1,7,5.00),(2,'4D5E9B0F-F751-42AF-A00A-2423503D857D',1,6,10.00),(3,'335C5E75-0DC6-4A80-9B35-647B37E4BAFC',1,5,15.00),(4,'372E4722-C717-4A05-8ECB-A4DFEDD91BFF',1,4,15.00),(5,'844A1700-C757-4B61-90BB-9450F94CB421',1,3,20.00),(6,'C67F3725-BA45-4F72-9B1E-B9CCED1B1AC0',1,2,20.00),(7,'67082379-DB2F-4D21-A9B8-FC8FDF53B0E9',1,1,30.00),(8,'EA887A9B-CCB4-4593-BA4F-63FA62606C1E',1,0,40.00),(9,'36BD39C8-4C11-4A28-AB04-0A87562BD3BF',2,7,10.00),(10,'34336EEC-C4DE-4A73-8E9F-7577E133E9A0',2,6,15.00),(11,'3341968C-C849-4D06-A558-0061E01EF7FC',2,5,20.00),(12,'9DA45846-7D13-4322-A763-712189CEFDC8',2,4,20.00),(13,'410F8F56-12F4-4279-A7A8-420A8E7B60AD',2,3,30.00),(14,'06DFF31F-6FBB-4FC4-8988-CE6A2747174B',2,2,35.00),(15,'CDF6B818-8052-4CA4-91EB-84A566B92EBA',2,1,40.00),(16,'754A6481-5D39-4B36-B370-4C7220F5AA06',2,0,45.00),(17,'725341C0-538B-44C1-B02A-92914A67CA42',3,7,20.00),(18,'14ED982B-9EA1-4D5D-AA75-EAF86FF3BDC7',3,6,25.00),(19,'8F9B8930-B65C-44B5-BB78-5FBAE6AFEA29',3,5,30.00),(20,'9A5F70CB-BEFB-4D4B-A974-37757866F862',3,4,35.00),(21,'4299D7AA-D692-4DAC-B952-0A9CAAE24BDC',3,3,40.00),(22,'55AB294F-D38C-47E1-8F3C-830B8F26CF56',3,2,50.00),(23,'FA09E103-F8D1-4863-BDB8-FB8CB26BE048',3,1,90.00),(24,'1FC75F78-462A-4436-9A86-96A419A9DB44',3,0,100.00);
/*!40000 ALTER TABLE `cancellationrefundfees` ENABLE KEYS */;
UNLOCK TABLES;

--
-- Table structure for table `coupons`
--

DROP TABLE IF EXISTS `coupons`;
/*!40101 SET @saved_cs_client     = @@character_set_client */;
/*!50503 SET character_set_client = utf8mb4 */;
CREATE TABLE `coupons` (
  `ID` bigint NOT NULL,
  `GUID` varchar(64) NOT NULL,
  `CouponCode` varchar(50) CHARACTER SET utf8mb4 COLLATE utf8mb4_0900_ai_ci NOT NULL,
  `DiscountPercent` decimal(4,1) NOT NULL,
  `MaximimDiscountAmount` decimal(10,2) NOT NULL,
  PRIMARY KEY (`ID`)
) ENGINE=InnoDB DEFAULT CHARSET=utf8mb4 COLLATE=utf8mb4_0900_ai_ci;
/*!40101 SET character_set_client = @saved_cs_client */;

--
-- Dumping data for table `coupons`
--

LOCK TABLES `coupons` WRITE;
/*!40000 ALTER TABLE `coupons` DISABLE KEYS */;
INSERT INTO `coupons` VALUES (1,'CF3292FE-8636-400F-8C3F-2B5C5551F004','Welcome15',15.0,10.00),(2,'0CE0B94F-112C-42DC-A110-314C5BA1308B','Holiday',5.0,100.00),(3,'4A33CB47-AC38-48F8-88D2-97F103AD75A7','seoul',2.0,200.00);
/*!40000 ALTER TABLE `coupons` ENABLE KEYS */;
UNLOCK TABLES;

--
-- Table structure for table `dimdates`
--

DROP TABLE IF EXISTS `dimdates`;
/*!40101 SET @saved_cs_client     = @@character_set_client */;
/*!50503 SET character_set_client = utf8mb4 */;
CREATE TABLE `dimdates` (
  `ID` bigint NOT NULL,
  `Date` date NOT NULL,
  `Year` int NOT NULL,
  `Quarter` int NOT NULL,
  `Month` int NOT NULL,
  `MonthName` varchar(10) NOT NULL,
  `DayOfMonth` int NOT NULL,
  `DayOfWeek` int NOT NULL,
  `DayName` varchar(10) NOT NULL,
  `isHoliday` tinyint(1) NOT NULL,
  PRIMARY KEY (`ID`)
) ENGINE=InnoDB DEFAULT CHARSET=utf8mb4 COLLATE=utf8mb4_0900_ai_ci;
/*!40101 SET character_set_client = @saved_cs_client */;

--
-- Dumping data for table `dimdates`
--

LOCK TABLES `dimdates` WRITE;
/*!40000 ALTER TABLE `dimdates` DISABLE KEYS */;
INSERT INTO `dimdates` VALUES (20180101,'2018-01-01',2018,1,1,'January',1,2,'Monday',1),(20180102,'2018-01-02',2018,1,1,'January',2,3,'Tuesday',0),(20180103,'2018-01-03',2018,1,1,'January',3,4,'Wednesday',0),(20180104,'2018-01-04',2018,1,1,'January',4,5,'Thursday',0),(20180105,'2018-01-05',2018,1,1,'January',5,6,'Friday',0),(20180106,'2018-01-06',2018,1,1,'January',6,7,'Saturday',0),(20180107,'2018-01-07',2018,1,1,'January',7,1,'Sunday',0),(20180108,'2018-01-08',2018,1,1,'January',8,2,'Monday',0),(20180109,'2018-01-09',2018,1,1,'January',9,3,'Tuesday',0),(20180110,'2018-01-10',2018,1,1,'January',10,4,'Wednesday',0),(20180111,'2018-01-11',2018,1,1,'January',11,5,'Thursday',0),(20180112,'2018-01-12',2018,1,1,'January',12,6,'Friday',0),(20180113,'2018-01-13',2018,1,1,'January',13,7,'Saturday',0),(20180114,'2018-01-14',2018,1,1,'January',14,1,'Sunday',0),(20180115,'2018-01-15',2018,1,1,'January',15,2,'Monday',0),(20180116,'2018-01-16',2018,1,1,'January',16,3,'Tuesday',0),(20180117,'2018-01-17',2018,1,1,'January',17,4,'Wednesday',0),(20180118,'2018-01-18',2018,1,1,'January',18,5,'Thursday',0),(20180119,'2018-01-19',2018,1,1,'January',19,6,'Friday',0),(20180120,'2018-01-20',2018,1,1,'January',20,7,'Saturday',0),(20180121,'2018-01-21',2018,1,1,'January',21,1,'Sunday',0),(20180122,'2018-01-22',2018,1,1,'January',22,2,'Monday',0),(20180123,'2018-01-23',2018,1,1,'January',23,3,'Tuesday',0),(20180124,'2018-01-24',2018,1,1,'January',24,4,'Wednesday',0),(20180125,'2018-01-25',2018,1,1,'January',25,5,'Thursday',0),(20180126,'2018-01-26',2018,1,1,'January',26,6,'Friday',0),(20180127,'2018-01-27',2018,1,1,'January',27,7,'Saturday',0),(20180128,'2018-01-28',2018,1,1,'January',28,1,'Sunday',0),(20180129,'2018-01-29',2018,1,1,'January',29,2,'Monday',0),(20180130,'2018-01-30',2018,1,1,'January',30,3,'Tuesday',0),(20180131,'2018-01-31',2018,1,1,'January',31,4,'Wednesday',0),(20180201,'2018-02-01',2018,1,2,'February',1,5,'Thursday',0),(20180202,'2018-02-02',2018,1,2,'February',2,6,'Friday',0),(20180203,'2018-02-03',2018,1,2,'February',3,7,'Saturday',0),(20180204,'2018-02-04',2018,1,2,'February',4,1,'Sunday',0),(20180205,'2018-02-05',2018,1,2,'February',5,2,'Monday',0),(20180206,'2018-02-06',2018,1,2,'February',6,3,'Tuesday',0),(20180207,'2018-02-07',2018,1,2,'February',7,4,'Wednesday',0),(20180208,'2018-02-08',2018,1,2,'February',8,5,'Thursday',0),(20180209,'2018-02-09',2018,1,2,'February',9,6,'Friday',0),(20180210,'2018-02-10',2018,1,2,'February',10,7,'Saturday',0),(20180211,'2018-02-11',2018,1,2,'February',11,1,'Sunday',0),(20180212,'2018-02-12',2018,1,2,'February',12,2,'Monday',0),(20180213,'2018-02-13',2018,1,2,'February',13,3,'Tuesday',0),(20180214,'2018-02-14',2018,1,2,'February',14,4,'Wednesday',1),(20180215,'2018-02-15',2018,1,2,'February',15,5,'Thursday',0),(20180216,'2018-02-16',2018,1,2,'February',16,6,'Friday',0),(20180217,'2018-02-17',2018,1,2,'February',17,7,'Saturday',0),(20180218,'2018-02-18',2018,1,2,'February',18,1,'Sunday',0),(20180219,'2018-02-19',2018,1,2,'February',19,2,'Monday',0),(20180220,'2018-02-20',2018,1,2,'February',20,3,'Tuesday',0),(20180221,'2018-02-21',2018,1,2,'February',21,4,'Wednesday',0),(20180222,'2018-02-22',2018,1,2,'February',22,5,'Thursday',0),(20180223,'2018-02-23',2018,1,2,'February',23,6,'Friday',0),(20180224,'2018-02-24',2018,1,2,'February',24,7,'Saturday',0),(20180225,'2018-02-25',2018,1,2,'February',25,1,'Sunday',0),(20180226,'2018-02-26',2018,1,2,'February',26,2,'Monday',0),(20180227,'2018-02-27',2018,1,2,'February',27,3,'Tuesday',0),(20180228,'2018-02-28',2018,1,2,'February',28,4,'Wednesday',0),(20180301,'2018-03-01',2018,1,3,'March',1,5,'Thursday',0),(20180302,'2018-03-02',2018,1,3,'March',2,6,'Friday',0),(20180303,'2018-03-03',2018,1,3,'March',3,7,'Saturday',0),(20180304,'2018-03-04',2018,1,3,'March',4,1,'Sunday',0),(20180305,'2018-03-05',2018,1,3,'March',5,2,'Monday',0),(20180306,'2018-03-06',2018,1,3,'March',6,3,'Tuesday',0),(20180307,'2018-03-07',2018,1,3,'March',7,4,'Wednesday',0),(20180308,'2018-03-08',2018,1,3,'March',8,5,'Thursday',0),(20180309,'2018-03-09',2018,1,3,'March',9,6,'Friday',0),(20180310,'2018-03-10',2018,1,3,'March',10,7,'Saturday',0),(20180311,'2018-03-11',2018,1,3,'March',11,1,'Sunday',0),(20180312,'2018-03-12',2018,1,3,'March',12,2,'Monday',0),(20180313,'2018-03-13',2018,1,3,'March',13,3,'Tuesday',0),(20180314,'2018-03-14',2018,1,3,'March',14,4,'Wednesday',0),(20180315,'2018-03-15',2018,1,3,'March',15,5,'Thursday',0),(20180316,'2018-03-16',2018,1,3,'March',16,6,'Friday',0),(20180317,'2018-03-17',2018,1,3,'March',17,7,'Saturday',1),(20180318,'2018-03-18',2018,1,3,'March',18,1,'Sunday',0),(20180319,'2018-03-19',2018,1,3,'March',19,2,'Monday',0),(20180320,'2018-03-20',2018,1,3,'March',20,3,'Tuesday',0),(20180321,'2018-03-21',2018,1,3,'March',21,4,'Wednesday',0),(20180322,'2018-03-22',2018,1,3,'March',22,5,'Thursday',0),(20180323,'2018-03-23',2018,1,3,'March',23,6,'Friday',0),(20180324,'2018-03-24',2018,1,3,'March',24,7,'Saturday',0),(20180325,'2018-03-25',2018,1,3,'March',25,1,'Sunday',0),(20180326,'2018-03-26',2018,1,3,'March',26,2,'Monday',0),(20180327,'2018-03-27',2018,1,3,'March',27,3,'Tuesday',0),(20180328,'2018-03-28',2018,1,3,'March',28,4,'Wednesday',0),(20180329,'2018-03-29',2018,1,3,'March',29,5,'Thursday',0),(20180330,'2018-03-30',2018,1,3,'March',30,6,'Friday',0),(20180331,'2018-03-31',2018,1,3,'March',31,7,'Saturday',0),(20180401,'2018-04-01',2018,2,4,'April',1,1,'Sunday',0),(20180402,'2018-04-02',2018,2,4,'April',2,2,'Monday',0),(20180403,'2018-04-03',2018,2,4,'April',3,3,'Tuesday',0),(20180404,'2018-04-04',2018,2,4,'April',4,4,'Wednesday',0),(20180405,'2018-04-05',2018,2,4,'April',5,5,'Thursday',0),(20180406,'2018-04-06',2018,2,4,'April',6,6,'Friday',0),(20180407,'2018-04-07',2018,2,4,'April',7,7,'Saturday',0),(20180408,'2018-04-08',2018,2,4,'April',8,1,'Sunday',0),(20180409,'2018-04-09',2018,2,4,'April',9,2,'Monday',0),(20180410,'2018-04-10',2018,2,4,'April',10,3,'Tuesday',0),(20180411,'2018-04-11',2018,2,4,'April',11,4,'Wednesday',0),(20180412,'2018-04-12',2018,2,4,'April',12,5,'Thursday',0),(20180413,'2018-04-13',2018,2,4,'April',13,6,'Friday',0),(20180414,'2018-04-14',2018,2,4,'April',14,7,'Saturday',0),(20180415,'2018-04-15',2018,2,4,'April',15,1,'Sunday',0),(20180416,'2018-04-16',2018,2,4,'April',16,2,'Monday',0),(20180417,'2018-04-17',2018,2,4,'April',17,3,'Tuesday',0),(20180418,'2018-04-18',2018,2,4,'April',18,4,'Wednesday',0),(20180419,'2018-04-19',2018,2,4,'April',19,5,'Thursday',0),(20180420,'2018-04-20',2018,2,4,'April',20,6,'Friday',0),(20180421,'2018-04-21',2018,2,4,'April',21,7,'Saturday',0),(20180422,'2018-04-22',2018,2,4,'April',22,1,'Sunday',0),(20180423,'2018-04-23',2018,2,4,'April',23,2,'Monday',0),(20180424,'2018-04-24',2018,2,4,'April',24,3,'Tuesday',0),(20180425,'2018-04-25',2018,2,4,'April',25,4,'Wednesday',0),(20180426,'2018-04-26',2018,2,4,'April',26,5,'Thursday',0),(20180427,'2018-04-27',2018,2,4,'April',27,6,'Friday',0),(20180428,'2018-04-28',2018,2,4,'April',28,7,'Saturday',0),(20180429,'2018-04-29',2018,2,4,'April',29,1,'Sunday',0),(20180430,'2018-04-30',2018,2,4,'April',30,2,'Monday',0),(20180501,'2018-05-01',2018,2,5,'May',1,3,'Tuesday',0),(20180502,'2018-05-02',2018,2,5,'May',2,4,'Wednesday',0),(20180503,'2018-05-03',2018,2,5,'May',3,5,'Thursday',0),(20180504,'2018-05-04',2018,2,5,'May',4,6,'Friday',0),(20180505,'2018-05-05',2018,2,5,'May',5,7,'Saturday',0),(20180506,'2018-05-06',2018,2,5,'May',6,1,'Sunday',0),(20180507,'2018-05-07',2018,2,5,'May',7,2,'Monday',0),(20180508,'2018-05-08',2018,2,5,'May',8,3,'Tuesday',0),(20180509,'2018-05-09',2018,2,5,'May',9,4,'Wednesday',0),(20180510,'2018-05-10',2018,2,5,'May',10,5,'Thursday',0),(20180511,'2018-05-11',2018,2,5,'May',11,6,'Friday',0),(20180512,'2018-05-12',2018,2,5,'May',12,7,'Saturday',0),(20180513,'2018-05-13',2018,2,5,'May',13,1,'Sunday',0),(20180514,'2018-05-14',2018,2,5,'May',14,2,'Monday',0),(20180515,'2018-05-15',2018,2,5,'May',15,3,'Tuesday',0),(20180516,'2018-05-16',2018,2,5,'May',16,4,'Wednesday',0),(20180517,'2018-05-17',2018,2,5,'May',17,5,'Thursday',0),(20180518,'2018-05-18',2018,2,5,'May',18,6,'Friday',0),(20180519,'2018-05-19',2018,2,5,'May',19,7,'Saturday',0),(20180520,'2018-05-20',2018,2,5,'May',20,1,'Sunday',0),(20180521,'2018-05-21',2018,2,5,'May',21,2,'Monday',0),(20180522,'2018-05-22',2018,2,5,'May',22,3,'Tuesday',0),(20180523,'2018-05-23',2018,2,5,'May',23,4,'Wednesday',0),(20180524,'2018-05-24',2018,2,5,'May',24,5,'Thursday',0),(20180525,'2018-05-25',2018,2,5,'May',25,6,'Friday',0),(20180526,'2018-05-26',2018,2,5,'May',26,7,'Saturday',0),(20180527,'2018-05-27',2018,2,5,'May',27,1,'Sunday',0),(20180528,'2018-05-28',2018,2,5,'May',28,2,'Monday',0),(20180529,'2018-05-29',2018,2,5,'May',29,3,'Tuesday',0),(20180530,'2018-05-30',2018,2,5,'May',30,4,'Wednesday',0),(20180531,'2018-05-31',2018,2,5,'May',31,5,'Thursday',0),(20180601,'2018-06-01',2018,2,6,'June',1,6,'Friday',0),(20180602,'2018-06-02',2018,2,6,'June',2,7,'Saturday',0),(20180603,'2018-06-03',2018,2,6,'June',3,1,'Sunday',0),(20180604,'2018-06-04',2018,2,6,'June',4,2,'Monday',0),(20180605,'2018-06-05',2018,2,6,'June',5,3,'Tuesday',0),(20180606,'2018-06-06',2018,2,6,'June',6,4,'Wednesday',0),(20180607,'2018-06-07',2018,2,6,'June',7,5,'Thursday',0),(20180608,'2018-06-08',2018,2,6,'June',8,6,'Friday',0),(20180609,'2018-06-09',2018,2,6,'June',9,7,'Saturday',0),(20180610,'2018-06-10',2018,2,6,'June',10,1,'Sunday',0),(20180611,'2018-06-11',2018,2,6,'June',11,2,'Monday',0),(20180612,'2018-06-12',2018,2,6,'June',12,3,'Tuesday',0),(20180613,'2018-06-13',2018,2,6,'June',13,4,'Wednesday',0),(20180614,'2018-06-14',2018,2,6,'June',14,5,'Thursday',0),(20180615,'2018-06-15',2018,2,6,'June',15,6,'Friday',0),(20180616,'2018-06-16',2018,2,6,'June',16,7,'Saturday',0),(20180617,'2018-06-17',2018,2,6,'June',17,1,'Sunday',0),(20180618,'2018-06-18',2018,2,6,'June',18,2,'Monday',0),(20180619,'2018-06-19',2018,2,6,'June',19,3,'Tuesday',0),(20180620,'2018-06-20',2018,2,6,'June',20,4,'Wednesday',0),(20180621,'2018-06-21',2018,2,6,'June',21,5,'Thursday',0),(20180622,'2018-06-22',2018,2,6,'June',22,6,'Friday',0),(20180623,'2018-06-23',2018,2,6,'June',23,7,'Saturday',0),(20180624,'2018-06-24',2018,2,6,'June',24,1,'Sunday',0),(20180625,'2018-06-25',2018,2,6,'June',25,2,'Monday',0),(20180626,'2018-06-26',2018,2,6,'June',26,3,'Tuesday',0),(20180627,'2018-06-27',2018,2,6,'June',27,4,'Wednesday',0),(20180628,'2018-06-28',2018,2,6,'June',28,5,'Thursday',0),(20180629,'2018-06-29',2018,2,6,'June',29,6,'Friday',0),(20180630,'2018-06-30',2018,2,6,'June',30,7,'Saturday',0),(20180701,'2018-07-01',2018,3,7,'July',1,1,'Sunday',0),(20180702,'2018-07-02',2018,3,7,'July',2,2,'Monday',0),(20180703,'2018-07-03',2018,3,7,'July',3,3,'Tuesday',0),(20180704,'2018-07-04',2018,3,7,'July',4,4,'Wednesday',1),(20180705,'2018-07-05',2018,3,7,'July',5,5,'Thursday',0),(20180706,'2018-07-06',2018,3,7,'July',6,6,'Friday',0),(20180707,'2018-07-07',2018,3,7,'July',7,7,'Saturday',0),(20180708,'2018-07-08',2018,3,7,'July',8,1,'Sunday',0),(20180709,'2018-07-09',2018,3,7,'July',9,2,'Monday',0),(20180710,'2018-07-10',2018,3,7,'July',10,3,'Tuesday',0),(20180711,'2018-07-11',2018,3,7,'July',11,4,'Wednesday',0),(20180712,'2018-07-12',2018,3,7,'July',12,5,'Thursday',0),(20180713,'2018-07-13',2018,3,7,'July',13,6,'Friday',0),(20180714,'2018-07-14',2018,3,7,'July',14,7,'Saturday',0),(20180715,'2018-07-15',2018,3,7,'July',15,1,'Sunday',0),(20180716,'2018-07-16',2018,3,7,'July',16,2,'Monday',0),(20180717,'2018-07-17',2018,3,7,'July',17,3,'Tuesday',0),(20180718,'2018-07-18',2018,3,7,'July',18,4,'Wednesday',0),(20180719,'2018-07-19',2018,3,7,'July',19,5,'Thursday',0),(20180720,'2018-07-20',2018,3,7,'July',20,6,'Friday',0),(20180721,'2018-07-21',2018,3,7,'July',21,7,'Saturday',0),(20180722,'2018-07-22',2018,3,7,'July',22,1,'Sunday',0),(20180723,'2018-07-23',2018,3,7,'July',23,2,'Monday',0),(20180724,'2018-07-24',2018,3,7,'July',24,3,'Tuesday',0),(20180725,'2018-07-25',2018,3,7,'July',25,4,'Wednesday',0),(20180726,'2018-07-26',2018,3,7,'July',26,5,'Thursday',0),(20180727,'2018-07-27',2018,3,7,'July',27,6,'Friday',0),(20180728,'2018-07-28',2018,3,7,'July',28,7,'Saturday',0),(20180729,'2018-07-29',2018,3,7,'July',29,1,'Sunday',0),(20180730,'2018-07-30',2018,3,7,'July',30,2,'Monday',0),(20180731,'2018-07-31',2018,3,7,'July',31,3,'Tuesday',0),(20180801,'2018-08-01',2018,3,8,'August',1,4,'Wednesday',0),(20180802,'2018-08-02',2018,3,8,'August',2,5,'Thursday',0),(20180803,'2018-08-03',2018,3,8,'August',3,6,'Friday',0),(20180804,'2018-08-04',2018,3,8,'August',4,7,'Saturday',0),(20180805,'2018-08-05',2018,3,8,'August',5,1,'Sunday',0),(20180806,'2018-08-06',2018,3,8,'August',6,2,'Monday',0),(20180807,'2018-08-07',2018,3,8,'August',7,3,'Tuesday',0),(20180808,'2018-08-08',2018,3,8,'August',8,4,'Wednesday',0),(20180809,'2018-08-09',2018,3,8,'August',9,5,'Thursday',0),(20180810,'2018-08-10',2018,3,8,'August',10,6,'Friday',0),(20180811,'2018-08-11',2018,3,8,'August',11,7,'Saturday',0),(20180812,'2018-08-12',2018,3,8,'August',12,1,'Sunday',0),(20180813,'2018-08-13',2018,3,8,'August',13,2,'Monday',0),(20180814,'2018-08-14',2018,3,8,'August',14,3,'Tuesday',0),(20180815,'2018-08-15',2018,3,8,'August',15,4,'Wednesday',0),(20180816,'2018-08-16',2018,3,8,'August',16,5,'Thursday',0),(20180817,'2018-08-17',2018,3,8,'August',17,6,'Friday',0),(20180818,'2018-08-18',2018,3,8,'August',18,7,'Saturday',0),(20180819,'2018-08-19',2018,3,8,'August',19,1,'Sunday',0),(20180820,'2018-08-20',2018,3,8,'August',20,2,'Monday',0),(20180821,'2018-08-21',2018,3,8,'August',21,3,'Tuesday',0),(20180822,'2018-08-22',2018,3,8,'August',22,4,'Wednesday',0),(20180823,'2018-08-23',2018,3,8,'August',23,5,'Thursday',0),(20180824,'2018-08-24',2018,3,8,'August',24,6,'Friday',0),(20180825,'2018-08-25',2018,3,8,'August',25,7,'Saturday',0),(20180826,'2018-08-26',2018,3,8,'August',26,1,'Sunday',0),(20180827,'2018-08-27',2018,3,8,'August',27,2,'Monday',0),(20180828,'2018-08-28',2018,3,8,'August',28,3,'Tuesday',0),(20180829,'2018-08-29',2018,3,8,'August',29,4,'Wednesday',0),(20180830,'2018-08-30',2018,3,8,'August',30,5,'Thursday',0),(20180831,'2018-08-31',2018,3,8,'August',31,6,'Friday',0),(20180901,'2018-09-01',2018,3,9,'September',1,7,'Saturday',0),(20180902,'2018-09-02',2018,3,9,'September',2,1,'Sunday',0),(20180903,'2018-09-03',2018,3,9,'September',3,2,'Monday',0),(20180904,'2018-09-04',2018,3,9,'September',4,3,'Tuesday',0),(20180905,'2018-09-05',2018,3,9,'September',5,4,'Wednesday',0),(20180906,'2018-09-06',2018,3,9,'September',6,5,'Thursday',0),(20180907,'2018-09-07',2018,3,9,'September',7,6,'Friday',0),(20180908,'2018-09-08',2018,3,9,'September',8,7,'Saturday',0),(20180909,'2018-09-09',2018,3,9,'September',9,1,'Sunday',0),(20180910,'2018-09-10',2018,3,9,'September',10,2,'Monday',0),(20180911,'2018-09-11',2018,3,9,'September',11,3,'Tuesday',0),(20180912,'2018-09-12',2018,3,9,'September',12,4,'Wednesday',0),(20180913,'2018-09-13',2018,3,9,'September',13,5,'Thursday',0),(20180914,'2018-09-14',2018,3,9,'September',14,6,'Friday',0),(20180915,'2018-09-15',2018,3,9,'September',15,7,'Saturday',0),(20180916,'2018-09-16',2018,3,9,'September',16,1,'Sunday',0),(20180917,'2018-09-17',2018,3,9,'September',17,2,'Monday',0),(20180918,'2018-09-18',2018,3,9,'September',18,3,'Tuesday',0),(20180919,'2018-09-19',2018,3,9,'September',19,4,'Wednesday',0),(20180920,'2018-09-20',2018,3,9,'September',20,5,'Thursday',0),(20180921,'2018-09-21',2018,3,9,'September',21,6,'Friday',0),(20180922,'2018-09-22',2018,3,9,'September',22,7,'Saturday',0),(20180923,'2018-09-23',2018,3,9,'September',23,1,'Sunday',0),(20180924,'2018-09-24',2018,3,9,'September',24,2,'Monday',0),(20180925,'2018-09-25',2018,3,9,'September',25,3,'Tuesday',0),(20180926,'2018-09-26',2018,3,9,'September',26,4,'Wednesday',0),(20180927,'2018-09-27',2018,3,9,'September',27,5,'Thursday',0),(20180928,'2018-09-28',2018,3,9,'September',28,6,'Friday',0),(20180929,'2018-09-29',2018,3,9,'September',29,7,'Saturday',0),(20180930,'2018-09-30',2018,3,9,'September',30,1,'Sunday',0),(20181001,'2018-10-01',2018,4,10,'October',1,2,'Monday',0),(20181002,'2018-10-02',2018,4,10,'October',2,3,'Tuesday',0),(20181003,'2018-10-03',2018,4,10,'October',3,4,'Wednesday',0),(20181004,'2018-10-04',2018,4,10,'October',4,5,'Thursday',0),(20181005,'2018-10-05',2018,4,10,'October',5,6,'Friday',0),(20181006,'2018-10-06',2018,4,10,'October',6,7,'Saturday',0),(20181007,'2018-10-07',2018,4,10,'October',7,1,'Sunday',0),(20181008,'2018-10-08',2018,4,10,'October',8,2,'Monday',0),(20181009,'2018-10-09',2018,4,10,'October',9,3,'Tuesday',0),(20181010,'2018-10-10',2018,4,10,'October',10,4,'Wednesday',0),(20181011,'2018-10-11',2018,4,10,'October',11,5,'Thursday',0),(20181012,'2018-10-12',2018,4,10,'October',12,6,'Friday',0),(20181013,'2018-10-13',2018,4,10,'October',13,7,'Saturday',0),(20181014,'2018-10-14',2018,4,10,'October',14,1,'Sunday',0),(20181015,'2018-10-15',2018,4,10,'October',15,2,'Monday',0),(20181016,'2018-10-16',2018,4,10,'October',16,3,'Tuesday',0),(20181017,'2018-10-17',2018,4,10,'October',17,4,'Wednesday',0),(20181018,'2018-10-18',2018,4,10,'October',18,5,'Thursday',0),(20181019,'2018-10-19',2018,4,10,'October',19,6,'Friday',0),(20181020,'2018-10-20',2018,4,10,'October',20,7,'Saturday',0),(20181021,'2018-10-21',2018,4,10,'October',21,1,'Sunday',0),(20181022,'2018-10-22',2018,4,10,'October',22,2,'Monday',0),(20181023,'2018-10-23',2018,4,10,'October',23,3,'Tuesday',0),(20181024,'2018-10-24',2018,4,10,'October',24,4,'Wednesday',0),(20181025,'2018-10-25',2018,4,10,'October',25,5,'Thursday',0),(20181026,'2018-10-26',2018,4,10,'October',26,6,'Friday',0),(20181027,'2018-10-27',2018,4,10,'October',27,7,'Saturday',0),(20181028,'2018-10-28',2018,4,10,'October',28,1,'Sunday',0),(20181029,'2018-10-29',2018,4,10,'October',29,2,'Monday',0),(20181030,'2018-10-30',2018,4,10,'October',30,3,'Tuesday',0),(20181031,'2018-10-31',2018,4,10,'October',31,4,'Wednesday',1),(20181101,'2018-11-01',2018,4,11,'November',1,5,'Thursday',0),(20181102,'2018-11-02',2018,4,11,'November',2,6,'Friday',0),(20181103,'2018-11-03',2018,4,11,'November',3,7,'Saturday',0),(20181104,'2018-11-04',2018,4,11,'November',4,1,'Sunday',0),(20181105,'2018-11-05',2018,4,11,'November',5,2,'Monday',0),(20181106,'2018-11-06',2018,4,11,'November',6,3,'Tuesday',0),(20181107,'2018-11-07',2018,4,11,'November',7,4,'Wednesday',0),(20181108,'2018-11-08',2018,4,11,'November',8,5,'Thursday',0),(20181109,'2018-11-09',2018,4,11,'November',9,6,'Friday',0),(20181110,'2018-11-10',2018,4,11,'November',10,7,'Saturday',0),(20181111,'2018-11-11',2018,4,11,'November',11,1,'Sunday',1),(20181112,'2018-11-12',2018,4,11,'November',12,2,'Monday',0),(20181113,'2018-11-13',2018,4,11,'November',13,3,'Tuesday',0),(20181114,'2018-11-14',2018,4,11,'November',14,4,'Wednesday',0),(20181115,'2018-11-15',2018,4,11,'November',15,5,'Thursday',0),(20181116,'2018-11-16',2018,4,11,'November',16,6,'Friday',0),(20181117,'2018-11-17',2018,4,11,'November',17,7,'Saturday',0),(20181118,'2018-11-18',2018,4,11,'November',18,1,'Sunday',0),(20181119,'2018-11-19',2018,4,11,'November',19,2,'Monday',0),(20181120,'2018-11-20',2018,4,11,'November',20,3,'Tuesday',0),(20181121,'2018-11-21',2018,4,11,'November',21,4,'Wednesday',0),(20181122,'2018-11-22',2018,4,11,'November',22,5,'Thursday',0),(20181123,'2018-11-23',2018,4,11,'November',23,6,'Friday',0),(20181124,'2018-11-24',2018,4,11,'November',24,7,'Saturday',0),(20181125,'2018-11-25',2018,4,11,'November',25,1,'Sunday',0),(20181126,'2018-11-26',2018,4,11,'November',26,2,'Monday',0),(20181127,'2018-11-27',2018,4,11,'November',27,3,'Tuesday',0),(20181128,'2018-11-28',2018,4,11,'November',28,4,'Wednesday',0),(20181129,'2018-11-29',2018,4,11,'November',29,5,'Thursday',0),(20181130,'2018-11-30',2018,4,11,'November',30,6,'Friday',0),(20181201,'2018-12-01',2018,4,12,'December',1,7,'Saturday',0),(20181202,'2018-12-02',2018,4,12,'December',2,1,'Sunday',0),(20181203,'2018-12-03',2018,4,12,'December',3,2,'Monday',0),(20181204,'2018-12-04',2018,4,12,'December',4,3,'Tuesday',0),(20181205,'2018-12-05',2018,4,12,'December',5,4,'Wednesday',0),(20181206,'2018-12-06',2018,4,12,'December',6,5,'Thursday',0),(20181207,'2018-12-07',2018,4,12,'December',7,6,'Friday',0),(20181208,'2018-12-08',2018,4,12,'December',8,7,'Saturday',0),(20181209,'2018-12-09',2018,4,12,'December',9,1,'Sunday',0),(20181210,'2018-12-10',2018,4,12,'December',10,2,'Monday',0),(20181211,'2018-12-11',2018,4,12,'December',11,3,'Tuesday',0),(20181212,'2018-12-12',2018,4,12,'December',12,4,'Wednesday',0),(20181213,'2018-12-13',2018,4,12,'December',13,5,'Thursday',0),(20181214,'2018-12-14',2018,4,12,'December',14,6,'Friday',0),(20181215,'2018-12-15',2018,4,12,'December',15,7,'Saturday',0),(20181216,'2018-12-16',2018,4,12,'December',16,1,'Sunday',0),(20181217,'2018-12-17',2018,4,12,'December',17,2,'Monday',0),(20181218,'2018-12-18',2018,4,12,'December',18,3,'Tuesday',0),(20181219,'2018-12-19',2018,4,12,'December',19,4,'Wednesday',0),(20181220,'2018-12-20',2018,4,12,'December',20,5,'Thursday',0),(20181221,'2018-12-21',2018,4,12,'December',21,6,'Friday',0),(20181222,'2018-12-22',2018,4,12,'December',22,7,'Saturday',0),(20181223,'2018-12-23',2018,4,12,'December',23,1,'Sunday',0),(20181224,'2018-12-24',2018,4,12,'December',24,2,'Monday',0),(20181225,'2018-12-25',2018,4,12,'December',25,3,'Tuesday',1),(20181226,'2018-12-26',2018,4,12,'December',26,4,'Wednesday',0),(20181227,'2018-12-27',2018,4,12,'December',27,5,'Thursday',0),(20181228,'2018-12-28',2018,4,12,'December',28,6,'Friday',0),(20181229,'2018-12-29',2018,4,12,'December',29,7,'Saturday',0),(20181230,'2018-12-30',2018,4,12,'December',30,1,'Sunday',0),(20181231,'2018-12-31',2018,4,12,'December',31,2,'Monday',0),(20190101,'2019-01-01',2019,1,1,'January',1,3,'Tuesday',1),(20190102,'2019-01-02',2019,1,1,'January',2,4,'Wednesday',0),(20190103,'2019-01-03',2019,1,1,'January',3,5,'Thursday',0),(20190104,'2019-01-04',2019,1,1,'January',4,6,'Friday',0),(20190105,'2019-01-05',2019,1,1,'January',5,7,'Saturday',0),(20190106,'2019-01-06',2019,1,1,'January',6,1,'Sunday',0),(20190107,'2019-01-07',2019,1,1,'January',7,2,'Monday',0),(20190108,'2019-01-08',2019,1,1,'January',8,3,'Tuesday',0),(20190109,'2019-01-09',2019,1,1,'January',9,4,'Wednesday',0),(20190110,'2019-01-10',2019,1,1,'January',10,5,'Thursday',0),(20190111,'2019-01-11',2019,1,1,'January',11,6,'Friday',0),(20190112,'2019-01-12',2019,1,1,'January',12,7,'Saturday',0),(20190113,'2019-01-13',2019,1,1,'January',13,1,'Sunday',0),(20190114,'2019-01-14',2019,1,1,'January',14,2,'Monday',0),(20190115,'2019-01-15',2019,1,1,'January',15,3,'Tuesday',0),(20190116,'2019-01-16',2019,1,1,'January',16,4,'Wednesday',0),(20190117,'2019-01-17',2019,1,1,'January',17,5,'Thursday',0),(20190118,'2019-01-18',2019,1,1,'January',18,6,'Friday',0),(20190119,'2019-01-19',2019,1,1,'January',19,7,'Saturday',0),(20190120,'2019-01-20',2019,1,1,'January',20,1,'Sunday',0),(20190121,'2019-01-21',2019,1,1,'January',21,2,'Monday',0),(20190122,'2019-01-22',2019,1,1,'January',22,3,'Tuesday',0),(20190123,'2019-01-23',2019,1,1,'January',23,4,'Wednesday',0),(20190124,'2019-01-24',2019,1,1,'January',24,5,'Thursday',0),(20190125,'2019-01-25',2019,1,1,'January',25,6,'Friday',0),(20190126,'2019-01-26',2019,1,1,'January',26,7,'Saturday',0),(20190127,'2019-01-27',2019,1,1,'January',27,1,'Sunday',0),(20190128,'2019-01-28',2019,1,1,'January',28,2,'Monday',0),(20190129,'2019-01-29',2019,1,1,'January',29,3,'Tuesday',0),(20190130,'2019-01-30',2019,1,1,'January',30,4,'Wednesday',0),(20190131,'2019-01-31',2019,1,1,'January',31,5,'Thursday',0),(20190201,'2019-02-01',2019,1,2,'February',1,6,'Friday',0),(20190202,'2019-02-02',2019,1,2,'February',2,7,'Saturday',0),(20190203,'2019-02-03',2019,1,2,'February',3,1,'Sunday',0),(20190204,'2019-02-04',2019,1,2,'February',4,2,'Monday',0),(20190205,'2019-02-05',2019,1,2,'February',5,3,'Tuesday',0),(20190206,'2019-02-06',2019,1,2,'February',6,4,'Wednesday',0),(20190207,'2019-02-07',2019,1,2,'February',7,5,'Thursday',0),(20190208,'2019-02-08',2019,1,2,'February',8,6,'Friday',0),(20190209,'2019-02-09',2019,1,2,'February',9,7,'Saturday',0),(20190210,'2019-02-10',2019,1,2,'February',10,1,'Sunday',0),(20190211,'2019-02-11',2019,1,2,'February',11,2,'Monday',0),(20190212,'2019-02-12',2019,1,2,'February',12,3,'Tuesday',0),(20190213,'2019-02-13',2019,1,2,'February',13,4,'Wednesday',0),(20190214,'2019-02-14',2019,1,2,'February',14,5,'Thursday',1),(20190215,'2019-02-15',2019,1,2,'February',15,6,'Friday',0),(20190216,'2019-02-16',2019,1,2,'February',16,7,'Saturday',0),(20190217,'2019-02-17',2019,1,2,'February',17,1,'Sunday',0),(20190218,'2019-02-18',2019,1,2,'February',18,2,'Monday',0),(20190219,'2019-02-19',2019,1,2,'February',19,3,'Tuesday',0),(20190220,'2019-02-20',2019,1,2,'February',20,4,'Wednesday',0),(20190221,'2019-02-21',2019,1,2,'February',21,5,'Thursday',0),(20190222,'2019-02-22',2019,1,2,'February',22,6,'Friday',0),(20190223,'2019-02-23',2019,1,2,'February',23,7,'Saturday',0),(20190224,'2019-02-24',2019,1,2,'February',24,1,'Sunday',0),(20190225,'2019-02-25',2019,1,2,'February',25,2,'Monday',0),(20190226,'2019-02-26',2019,1,2,'February',26,3,'Tuesday',0),(20190227,'2019-02-27',2019,1,2,'February',27,4,'Wednesday',0),(20190228,'2019-02-28',2019,1,2,'February',28,5,'Thursday',0),(20190301,'2019-03-01',2019,1,3,'March',1,6,'Friday',0),(20190302,'2019-03-02',2019,1,3,'March',2,7,'Saturday',0),(20190303,'2019-03-03',2019,1,3,'March',3,1,'Sunday',0),(20190304,'2019-03-04',2019,1,3,'March',4,2,'Monday',0),(20190305,'2019-03-05',2019,1,3,'March',5,3,'Tuesday',0),(20190306,'2019-03-06',2019,1,3,'March',6,4,'Wednesday',0),(20190307,'2019-03-07',2019,1,3,'March',7,5,'Thursday',0),(20190308,'2019-03-08',2019,1,3,'March',8,6,'Friday',0),(20190309,'2019-03-09',2019,1,3,'March',9,7,'Saturday',0),(20190310,'2019-03-10',2019,1,3,'March',10,1,'Sunday',0),(20190311,'2019-03-11',2019,1,3,'March',11,2,'Monday',0),(20190312,'2019-03-12',2019,1,3,'March',12,3,'Tuesday',0),(20190313,'2019-03-13',2019,1,3,'March',13,4,'Wednesday',0),(20190314,'2019-03-14',2019,1,3,'March',14,5,'Thursday',0),(20190315,'2019-03-15',2019,1,3,'March',15,6,'Friday',0),(20190316,'2019-03-16',2019,1,3,'March',16,7,'Saturday',0),(20190317,'2019-03-17',2019,1,3,'March',17,1,'Sunday',1),(20190318,'2019-03-18',2019,1,3,'March',18,2,'Monday',0),(20190319,'2019-03-19',2019,1,3,'March',19,3,'Tuesday',0),(20190320,'2019-03-20',2019,1,3,'March',20,4,'Wednesday',0),(20190321,'2019-03-21',2019,1,3,'March',21,5,'Thursday',0),(20190322,'2019-03-22',2019,1,3,'March',22,6,'Friday',0),(20190323,'2019-03-23',2019,1,3,'March',23,7,'Saturday',0),(20190324,'2019-03-24',2019,1,3,'March',24,1,'Sunday',0),(20190325,'2019-03-25',2019,1,3,'March',25,2,'Monday',0),(20190326,'2019-03-26',2019,1,3,'March',26,3,'Tuesday',0),(20190327,'2019-03-27',2019,1,3,'March',27,4,'Wednesday',0),(20190328,'2019-03-28',2019,1,3,'March',28,5,'Thursday',0),(20190329,'2019-03-29',2019,1,3,'March',29,6,'Friday',0),(20190330,'2019-03-30',2019,1,3,'March',30,7,'Saturday',0),(20190331,'2019-03-31',2019,1,3,'March',31,1,'Sunday',0),(20190401,'2019-04-01',2019,2,4,'April',1,2,'Monday',0),(20190402,'2019-04-02',2019,2,4,'April',2,3,'Tuesday',0),(20190403,'2019-04-03',2019,2,4,'April',3,4,'Wednesday',0),(20190404,'2019-04-04',2019,2,4,'April',4,5,'Thursday',0),(20190405,'2019-04-05',2019,2,4,'April',5,6,'Friday',0),(20190406,'2019-04-06',2019,2,4,'April',6,7,'Saturday',0),(20190407,'2019-04-07',2019,2,4,'April',7,1,'Sunday',0),(20190408,'2019-04-08',2019,2,4,'April',8,2,'Monday',0),(20190409,'2019-04-09',2019,2,4,'April',9,3,'Tuesday',0),(20190410,'2019-04-10',2019,2,4,'April',10,4,'Wednesday',0),(20190411,'2019-04-11',2019,2,4,'April',11,5,'Thursday',0),(20190412,'2019-04-12',2019,2,4,'April',12,6,'Friday',0),(20190413,'2019-04-13',2019,2,4,'April',13,7,'Saturday',0),(20190414,'2019-04-14',2019,2,4,'April',14,1,'Sunday',0),(20190415,'2019-04-15',2019,2,4,'April',15,2,'Monday',0),(20190416,'2019-04-16',2019,2,4,'April',16,3,'Tuesday',0),(20190417,'2019-04-17',2019,2,4,'April',17,4,'Wednesday',0),(20190418,'2019-04-18',2019,2,4,'April',18,5,'Thursday',0),(20190419,'2019-04-19',2019,2,4,'April',19,6,'Friday',0),(20190420,'2019-04-20',2019,2,4,'April',20,7,'Saturday',0),(20190421,'2019-04-21',2019,2,4,'April',21,1,'Sunday',0),(20190422,'2019-04-22',2019,2,4,'April',22,2,'Monday',0),(20190423,'2019-04-23',2019,2,4,'April',23,3,'Tuesday',0),(20190424,'2019-04-24',2019,2,4,'April',24,4,'Wednesday',0),(20190425,'2019-04-25',2019,2,4,'April',25,5,'Thursday',0),(20190426,'2019-04-26',2019,2,4,'April',26,6,'Friday',0),(20190427,'2019-04-27',2019,2,4,'April',27,7,'Saturday',0),(20190428,'2019-04-28',2019,2,4,'April',28,1,'Sunday',0),(20190429,'2019-04-29',2019,2,4,'April',29,2,'Monday',0),(20190430,'2019-04-30',2019,2,4,'April',30,3,'Tuesday',0),(20190501,'2019-05-01',2019,2,5,'May',1,4,'Wednesday',0),(20190502,'2019-05-02',2019,2,5,'May',2,5,'Thursday',0),(20190503,'2019-05-03',2019,2,5,'May',3,6,'Friday',0),(20190504,'2019-05-04',2019,2,5,'May',4,7,'Saturday',0),(20190505,'2019-05-05',2019,2,5,'May',5,1,'Sunday',0),(20190506,'2019-05-06',2019,2,5,'May',6,2,'Monday',0),(20190507,'2019-05-07',2019,2,5,'May',7,3,'Tuesday',0),(20190508,'2019-05-08',2019,2,5,'May',8,4,'Wednesday',0),(20190509,'2019-05-09',2019,2,5,'May',9,5,'Thursday',0),(20190510,'2019-05-10',2019,2,5,'May',10,6,'Friday',0),(20190511,'2019-05-11',2019,2,5,'May',11,7,'Saturday',0),(20190512,'2019-05-12',2019,2,5,'May',12,1,'Sunday',0),(20190513,'2019-05-13',2019,2,5,'May',13,2,'Monday',0),(20190514,'2019-05-14',2019,2,5,'May',14,3,'Tuesday',0),(20190515,'2019-05-15',2019,2,5,'May',15,4,'Wednesday',0),(20190516,'2019-05-16',2019,2,5,'May',16,5,'Thursday',0),(20190517,'2019-05-17',2019,2,5,'May',17,6,'Friday',0),(20190518,'2019-05-18',2019,2,5,'May',18,7,'Saturday',0),(20190519,'2019-05-19',2019,2,5,'May',19,1,'Sunday',0),(20190520,'2019-05-20',2019,2,5,'May',20,2,'Monday',0),(20190521,'2019-05-21',2019,2,5,'May',21,3,'Tuesday',0),(20190522,'2019-05-22',2019,2,5,'May',22,4,'Wednesday',0),(20190523,'2019-05-23',2019,2,5,'May',23,5,'Thursday',0),(20190524,'2019-05-24',2019,2,5,'May',24,6,'Friday',0),(20190525,'2019-05-25',2019,2,5,'May',25,7,'Saturday',0),(20190526,'2019-05-26',2019,2,5,'May',26,1,'Sunday',0),(20190527,'2019-05-27',2019,2,5,'May',27,2,'Monday',0),(20190528,'2019-05-28',2019,2,5,'May',28,3,'Tuesday',0),(20190529,'2019-05-29',2019,2,5,'May',29,4,'Wednesday',0),(20190530,'2019-05-30',2019,2,5,'May',30,5,'Thursday',0),(20190531,'2019-05-31',2019,2,5,'May',31,6,'Friday',0),(20190601,'2019-06-01',2019,2,6,'June',1,7,'Saturday',0),(20190602,'2019-06-02',2019,2,6,'June',2,1,'Sunday',0),(20190603,'2019-06-03',2019,2,6,'June',3,2,'Monday',0),(20190604,'2019-06-04',2019,2,6,'June',4,3,'Tuesday',0),(20190605,'2019-06-05',2019,2,6,'June',5,4,'Wednesday',0),(20190606,'2019-06-06',2019,2,6,'June',6,5,'Thursday',0),(20190607,'2019-06-07',2019,2,6,'June',7,6,'Friday',0),(20190608,'2019-06-08',2019,2,6,'June',8,7,'Saturday',0),(20190609,'2019-06-09',2019,2,6,'June',9,1,'Sunday',0),(20190610,'2019-06-10',2019,2,6,'June',10,2,'Monday',0),(20190611,'2019-06-11',2019,2,6,'June',11,3,'Tuesday',0),(20190612,'2019-06-12',2019,2,6,'June',12,4,'Wednesday',0),(20190613,'2019-06-13',2019,2,6,'June',13,5,'Thursday',0),(20190614,'2019-06-14',2019,2,6,'June',14,6,'Friday',0),(20190615,'2019-06-15',2019,2,6,'June',15,7,'Saturday',0),(20190616,'2019-06-16',2019,2,6,'June',16,1,'Sunday',0),(20190617,'2019-06-17',2019,2,6,'June',17,2,'Monday',0),(20190618,'2019-06-18',2019,2,6,'June',18,3,'Tuesday',0),(20190619,'2019-06-19',2019,2,6,'June',19,4,'Wednesday',0),(20190620,'2019-06-20',2019,2,6,'June',20,5,'Thursday',0),(20190621,'2019-06-21',2019,2,6,'June',21,6,'Friday',0),(20190622,'2019-06-22',2019,2,6,'June',22,7,'Saturday',0),(20190623,'2019-06-23',2019,2,6,'June',23,1,'Sunday',0),(20190624,'2019-06-24',2019,2,6,'June',24,2,'Monday',0),(20190625,'2019-06-25',2019,2,6,'June',25,3,'Tuesday',0),(20190626,'2019-06-26',2019,2,6,'June',26,4,'Wednesday',0),(20190627,'2019-06-27',2019,2,6,'June',27,5,'Thursday',0),(20190628,'2019-06-28',2019,2,6,'June',28,6,'Friday',0),(20190629,'2019-06-29',2019,2,6,'June',29,7,'Saturday',0),(20190630,'2019-06-30',2019,2,6,'June',30,1,'Sunday',0),(20190701,'2019-07-01',2019,3,7,'July',1,2,'Monday',0),(20190702,'2019-07-02',2019,3,7,'July',2,3,'Tuesday',0),(20190703,'2019-07-03',2019,3,7,'July',3,4,'Wednesday',0),(20190704,'2019-07-04',2019,3,7,'July',4,5,'Thursday',1),(20190705,'2019-07-05',2019,3,7,'July',5,6,'Friday',0),(20190706,'2019-07-06',2019,3,7,'July',6,7,'Saturday',0),(20190707,'2019-07-07',2019,3,7,'July',7,1,'Sunday',0),(20190708,'2019-07-08',2019,3,7,'July',8,2,'Monday',0),(20190709,'2019-07-09',2019,3,7,'July',9,3,'Tuesday',0),(20190710,'2019-07-10',2019,3,7,'July',10,4,'Wednesday',0),(20190711,'2019-07-11',2019,3,7,'July',11,5,'Thursday',0),(20190712,'2019-07-12',2019,3,7,'July',12,6,'Friday',0),(20190713,'2019-07-13',2019,3,7,'July',13,7,'Saturday',0),(20190714,'2019-07-14',2019,3,7,'July',14,1,'Sunday',0),(20190715,'2019-07-15',2019,3,7,'July',15,2,'Monday',0),(20190716,'2019-07-16',2019,3,7,'July',16,3,'Tuesday',0),(20190717,'2019-07-17',2019,3,7,'July',17,4,'Wednesday',0),(20190718,'2019-07-18',2019,3,7,'July',18,5,'Thursday',0),(20190719,'2019-07-19',2019,3,7,'July',19,6,'Friday',0),(20190720,'2019-07-20',2019,3,7,'July',20,7,'Saturday',0),(20190721,'2019-07-21',2019,3,7,'July',21,1,'Sunday',0),(20190722,'2019-07-22',2019,3,7,'July',22,2,'Monday',0),(20190723,'2019-07-23',2019,3,7,'July',23,3,'Tuesday',0),(20190724,'2019-07-24',2019,3,7,'July',24,4,'Wednesday',0),(20190725,'2019-07-25',2019,3,7,'July',25,5,'Thursday',0),(20190726,'2019-07-26',2019,3,7,'July',26,6,'Friday',0),(20190727,'2019-07-27',2019,3,7,'July',27,7,'Saturday',0),(20190728,'2019-07-28',2019,3,7,'July',28,1,'Sunday',0),(20190729,'2019-07-29',2019,3,7,'July',29,2,'Monday',0),(20190730,'2019-07-30',2019,3,7,'July',30,3,'Tuesday',0),(20190731,'2019-07-31',2019,3,7,'July',31,4,'Wednesday',0),(20190801,'2019-08-01',2019,3,8,'August',1,5,'Thursday',0),(20190802,'2019-08-02',2019,3,8,'August',2,6,'Friday',0),(20190803,'2019-08-03',2019,3,8,'August',3,7,'Saturday',0),(20190804,'2019-08-04',2019,3,8,'August',4,1,'Sunday',0),(20190805,'2019-08-05',2019,3,8,'August',5,2,'Monday',0),(20190806,'2019-08-06',2019,3,8,'August',6,3,'Tuesday',0),(20190807,'2019-08-07',2019,3,8,'August',7,4,'Wednesday',0),(20190808,'2019-08-08',2019,3,8,'August',8,5,'Thursday',0),(20190809,'2019-08-09',2019,3,8,'August',9,6,'Friday',0),(20190810,'2019-08-10',2019,3,8,'August',10,7,'Saturday',0),(20190811,'2019-08-11',2019,3,8,'August',11,1,'Sunday',0),(20190812,'2019-08-12',2019,3,8,'August',12,2,'Monday',0),(20190813,'2019-08-13',2019,3,8,'August',13,3,'Tuesday',0),(20190814,'2019-08-14',2019,3,8,'August',14,4,'Wednesday',0),(20190815,'2019-08-15',2019,3,8,'August',15,5,'Thursday',0),(20190816,'2019-08-16',2019,3,8,'August',16,6,'Friday',0),(20190817,'2019-08-17',2019,3,8,'August',17,7,'Saturday',0),(20190818,'2019-08-18',2019,3,8,'August',18,1,'Sunday',0),(20190819,'2019-08-19',2019,3,8,'August',19,2,'Monday',0),(20190820,'2019-08-20',2019,3,8,'August',20,3,'Tuesday',0),(20190821,'2019-08-21',2019,3,8,'August',21,4,'Wednesday',0),(20190822,'2019-08-22',2019,3,8,'August',22,5,'Thursday',0),(20190823,'2019-08-23',2019,3,8,'August',23,6,'Friday',0),(20190824,'2019-08-24',2019,3,8,'August',24,7,'Saturday',0),(20190825,'2019-08-25',2019,3,8,'August',25,1,'Sunday',0),(20190826,'2019-08-26',2019,3,8,'August',26,2,'Monday',0),(20190827,'2019-08-27',2019,3,8,'August',27,3,'Tuesday',0),(20190828,'2019-08-28',2019,3,8,'August',28,4,'Wednesday',0),(20190829,'2019-08-29',2019,3,8,'August',29,5,'Thursday',0),(20190830,'2019-08-30',2019,3,8,'August',30,6,'Friday',0),(20190831,'2019-08-31',2019,3,8,'August',31,7,'Saturday',0),(20190901,'2019-09-01',2019,3,9,'September',1,1,'Sunday',0),(20190902,'2019-09-02',2019,3,9,'September',2,2,'Monday',0),(20190903,'2019-09-03',2019,3,9,'September',3,3,'Tuesday',0),(20190904,'2019-09-04',2019,3,9,'September',4,4,'Wednesday',0),(20190905,'2019-09-05',2019,3,9,'September',5,5,'Thursday',0),(20190906,'2019-09-06',2019,3,9,'September',6,6,'Friday',0),(20190907,'2019-09-07',2019,3,9,'September',7,7,'Saturday',0),(20190908,'2019-09-08',2019,3,9,'September',8,1,'Sunday',0),(20190909,'2019-09-09',2019,3,9,'September',9,2,'Monday',0),(20190910,'2019-09-10',2019,3,9,'September',10,3,'Tuesday',0),(20190911,'2019-09-11',2019,3,9,'September',11,4,'Wednesday',0),(20190912,'2019-09-12',2019,3,9,'September',12,5,'Thursday',0),(20190913,'2019-09-13',2019,3,9,'September',13,6,'Friday',0),(20190914,'2019-09-14',2019,3,9,'September',14,7,'Saturday',0),(20190915,'2019-09-15',2019,3,9,'September',15,1,'Sunday',0),(20190916,'2019-09-16',2019,3,9,'September',16,2,'Monday',0),(20190917,'2019-09-17',2019,3,9,'September',17,3,'Tuesday',0),(20190918,'2019-09-18',2019,3,9,'September',18,4,'Wednesday',0),(20190919,'2019-09-19',2019,3,9,'September',19,5,'Thursday',0),(20190920,'2019-09-20',2019,3,9,'September',20,6,'Friday',0),(20190921,'2019-09-21',2019,3,9,'September',21,7,'Saturday',0),(20190922,'2019-09-22',2019,3,9,'September',22,1,'Sunday',0),(20190923,'2019-09-23',2019,3,9,'September',23,2,'Monday',0),(20190924,'2019-09-24',2019,3,9,'September',24,3,'Tuesday',0),(20190925,'2019-09-25',2019,3,9,'September',25,4,'Wednesday',0),(20190926,'2019-09-26',2019,3,9,'September',26,5,'Thursday',0),(20190927,'2019-09-27',2019,3,9,'September',27,6,'Friday',0),(20190928,'2019-09-28',2019,3,9,'September',28,7,'Saturday',0),(20190929,'2019-09-29',2019,3,9,'September',29,1,'Sunday',0),(20190930,'2019-09-30',2019,3,9,'September',30,2,'Monday',0),(20191001,'2019-10-01',2019,4,10,'October',1,3,'Tuesday',0),(20191002,'2019-10-02',2019,4,10,'October',2,4,'Wednesday',0),(20191003,'2019-10-03',2019,4,10,'October',3,5,'Thursday',0),(20191004,'2019-10-04',2019,4,10,'October',4,6,'Friday',0),(20191005,'2019-10-05',2019,4,10,'October',5,7,'Saturday',0),(20191006,'2019-10-06',2019,4,10,'October',6,1,'Sunday',0),(20191007,'2019-10-07',2019,4,10,'October',7,2,'Monday',0),(20191008,'2019-10-08',2019,4,10,'October',8,3,'Tuesday',0),(20191009,'2019-10-09',2019,4,10,'October',9,4,'Wednesday',0),(20191010,'2019-10-10',2019,4,10,'October',10,5,'Thursday',0),(20191011,'2019-10-11',2019,4,10,'October',11,6,'Friday',0),(20191012,'2019-10-12',2019,4,10,'October',12,7,'Saturday',0),(20191013,'2019-10-13',2019,4,10,'October',13,1,'Sunday',0),(20191014,'2019-10-14',2019,4,10,'October',14,2,'Monday',0),(20191015,'2019-10-15',2019,4,10,'October',15,3,'Tuesday',0),(20191016,'2019-10-16',2019,4,10,'October',16,4,'Wednesday',0),(20191017,'2019-10-17',2019,4,10,'October',17,5,'Thursday',0),(20191018,'2019-10-18',2019,4,10,'October',18,6,'Friday',0),(20191019,'2019-10-19',2019,4,10,'October',19,7,'Saturday',0),(20191020,'2019-10-20',2019,4,10,'October',20,1,'Sunday',0),(20191021,'2019-10-21',2019,4,10,'October',21,2,'Monday',0),(20191022,'2019-10-22',2019,4,10,'October',22,3,'Tuesday',0),(20191023,'2019-10-23',2019,4,10,'October',23,4,'Wednesday',0),(20191024,'2019-10-24',2019,4,10,'October',24,5,'Thursday',0),(20191025,'2019-10-25',2019,4,10,'October',25,6,'Friday',0),(20191026,'2019-10-26',2019,4,10,'October',26,7,'Saturday',0),(20191027,'2019-10-27',2019,4,10,'October',27,1,'Sunday',0),(20191028,'2019-10-28',2019,4,10,'October',28,2,'Monday',0),(20191029,'2019-10-29',2019,4,10,'October',29,3,'Tuesday',0),(20191030,'2019-10-30',2019,4,10,'October',30,4,'Wednesday',0),(20191031,'2019-10-31',2019,4,10,'October',31,5,'Thursday',1),(20191101,'2019-11-01',2019,4,11,'November',1,6,'Friday',0),(20191102,'2019-11-02',2019,4,11,'November',2,7,'Saturday',0),(20191103,'2019-11-03',2019,4,11,'November',3,1,'Sunday',0),(20191104,'2019-11-04',2019,4,11,'November',4,2,'Monday',0),(20191105,'2019-11-05',2019,4,11,'November',5,3,'Tuesday',0),(20191106,'2019-11-06',2019,4,11,'November',6,4,'Wednesday',0),(20191107,'2019-11-07',2019,4,11,'November',7,5,'Thursday',0),(20191108,'2019-11-08',2019,4,11,'November',8,6,'Friday',0),(20191109,'2019-11-09',2019,4,11,'November',9,7,'Saturday',0),(20191110,'2019-11-10',2019,4,11,'November',10,1,'Sunday',0),(20191111,'2019-11-11',2019,4,11,'November',11,2,'Monday',1),(20191112,'2019-11-12',2019,4,11,'November',12,3,'Tuesday',0),(20191113,'2019-11-13',2019,4,11,'November',13,4,'Wednesday',0),(20191114,'2019-11-14',2019,4,11,'November',14,5,'Thursday',0),(20191115,'2019-11-15',2019,4,11,'November',15,6,'Friday',0),(20191116,'2019-11-16',2019,4,11,'November',16,7,'Saturday',0),(20191117,'2019-11-17',2019,4,11,'November',17,1,'Sunday',0),(20191118,'2019-11-18',2019,4,11,'November',18,2,'Monday',0),(20191119,'2019-11-19',2019,4,11,'November',19,3,'Tuesday',0),(20191120,'2019-11-20',2019,4,11,'November',20,4,'Wednesday',0),(20191121,'2019-11-21',2019,4,11,'November',21,5,'Thursday',0),(20191122,'2019-11-22',2019,4,11,'November',22,6,'Friday',0),(20191123,'2019-11-23',2019,4,11,'November',23,7,'Saturday',0),(20191124,'2019-11-24',2019,4,11,'November',24,1,'Sunday',0),(20191125,'2019-11-25',2019,4,11,'November',25,2,'Monday',0),(20191126,'2019-11-26',2019,4,11,'November',26,3,'Tuesday',0),(20191127,'2019-11-27',2019,4,11,'November',27,4,'Wednesday',0),(20191128,'2019-11-28',2019,4,11,'November',28,5,'Thursday',0),(20191129,'2019-11-29',2019,4,11,'November',29,6,'Friday',0),(20191130,'2019-11-30',2019,4,11,'November',30,7,'Saturday',0),(20191201,'2019-12-01',2019,4,12,'December',1,1,'Sunday',0),(20191202,'2019-12-02',2019,4,12,'December',2,2,'Monday',0),(20191203,'2019-12-03',2019,4,12,'December',3,3,'Tuesday',0),(20191204,'2019-12-04',2019,4,12,'December',4,4,'Wednesday',0),(20191205,'2019-12-05',2019,4,12,'December',5,5,'Thursday',0),(20191206,'2019-12-06',2019,4,12,'December',6,6,'Friday',0),(20191207,'2019-12-07',2019,4,12,'December',7,7,'Saturday',0),(20191208,'2019-12-08',2019,4,12,'December',8,1,'Sunday',0),(20191209,'2019-12-09',2019,4,12,'December',9,2,'Monday',0),(20191210,'2019-12-10',2019,4,12,'December',10,3,'Tuesday',0),(20191211,'2019-12-11',2019,4,12,'December',11,4,'Wednesday',0),(20191212,'2019-12-12',2019,4,12,'December',12,5,'Thursday',0),(20191213,'2019-12-13',2019,4,12,'December',13,6,'Friday',0),(20191214,'2019-12-14',2019,4,12,'December',14,7,'Saturday',0),(20191215,'2019-12-15',2019,4,12,'December',15,1,'Sunday',0),(20191216,'2019-12-16',2019,4,12,'December',16,2,'Monday',0),(20191217,'2019-12-17',2019,4,12,'December',17,3,'Tuesday',0),(20191218,'2019-12-18',2019,4,12,'December',18,4,'Wednesday',0),(20191219,'2019-12-19',2019,4,12,'December',19,5,'Thursday',0),(20191220,'2019-12-20',2019,4,12,'December',20,6,'Friday',0),(20191221,'2019-12-21',2019,4,12,'December',21,7,'Saturday',0),(20191222,'2019-12-22',2019,4,12,'December',22,1,'Sunday',0),(20191223,'2019-12-23',2019,4,12,'December',23,2,'Monday',0),(20191224,'2019-12-24',2019,4,12,'December',24,3,'Tuesday',0),(20191225,'2019-12-25',2019,4,12,'December',25,4,'Wednesday',1),(20191226,'2019-12-26',2019,4,12,'December',26,5,'Thursday',0),(20191227,'2019-12-27',2019,4,12,'December',27,6,'Friday',0),(20191228,'2019-12-28',2019,4,12,'December',28,7,'Saturday',0),(20191229,'2019-12-29',2019,4,12,'December',29,1,'Sunday',0),(20191230,'2019-12-30',2019,4,12,'December',30,2,'Monday',0),(20191231,'2019-12-31',2019,4,12,'December',31,3,'Tuesday',0),(20200101,'2020-01-01',2020,1,1,'January',1,4,'Wednesday',1),(20200102,'2020-01-02',2020,1,1,'January',2,5,'Thursday',0),(20200103,'2020-01-03',2020,1,1,'January',3,6,'Friday',0),(20200104,'2020-01-04',2020,1,1,'January',4,7,'Saturday',0),(20200105,'2020-01-05',2020,1,1,'January',5,1,'Sunday',0),(20200106,'2020-01-06',2020,1,1,'January',6,2,'Monday',0),(20200107,'2020-01-07',2020,1,1,'January',7,3,'Tuesday',0),(20200108,'2020-01-08',2020,1,1,'January',8,4,'Wednesday',0),(20200109,'2020-01-09',2020,1,1,'January',9,5,'Thursday',0),(20200110,'2020-01-10',2020,1,1,'January',10,6,'Friday',0),(20200111,'2020-01-11',2020,1,1,'January',11,7,'Saturday',0),(20200112,'2020-01-12',2020,1,1,'January',12,1,'Sunday',0),(20200113,'2020-01-13',2020,1,1,'January',13,2,'Monday',0),(20200114,'2020-01-14',2020,1,1,'January',14,3,'Tuesday',0),(20200115,'2020-01-15',2020,1,1,'January',15,4,'Wednesday',0),(20200116,'2020-01-16',2020,1,1,'January',16,5,'Thursday',0),(20200117,'2020-01-17',2020,1,1,'January',17,6,'Friday',0),(20200118,'2020-01-18',2020,1,1,'January',18,7,'Saturday',0),(20200119,'2020-01-19',2020,1,1,'January',19,1,'Sunday',0),(20200120,'2020-01-20',2020,1,1,'January',20,2,'Monday',0),(20200121,'2020-01-21',2020,1,1,'January',21,3,'Tuesday',0),(20200122,'2020-01-22',2020,1,1,'January',22,4,'Wednesday',0),(20200123,'2020-01-23',2020,1,1,'January',23,5,'Thursday',0),(20200124,'2020-01-24',2020,1,1,'January',24,6,'Friday',0),(20200125,'2020-01-25',2020,1,1,'January',25,7,'Saturday',0),(20200126,'2020-01-26',2020,1,1,'January',26,1,'Sunday',0),(20200127,'2020-01-27',2020,1,1,'January',27,2,'Monday',0),(20200128,'2020-01-28',2020,1,1,'January',28,3,'Tuesday',0),(20200129,'2020-01-29',2020,1,1,'January',29,4,'Wednesday',0),(20200130,'2020-01-30',2020,1,1,'January',30,5,'Thursday',0),(20200131,'2020-01-31',2020,1,1,'January',31,6,'Friday',0),(20200201,'2020-02-01',2020,1,2,'February',1,7,'Saturday',0),(20200202,'2020-02-02',2020,1,2,'February',2,1,'Sunday',0),(20200203,'2020-02-03',2020,1,2,'February',3,2,'Monday',0),(20200204,'2020-02-04',2020,1,2,'February',4,3,'Tuesday',0),(20200205,'2020-02-05',2020,1,2,'February',5,4,'Wednesday',0),(20200206,'2020-02-06',2020,1,2,'February',6,5,'Thursday',0),(20200207,'2020-02-07',2020,1,2,'February',7,6,'Friday',0),(20200208,'2020-02-08',2020,1,2,'February',8,7,'Saturday',0),(20200209,'2020-02-09',2020,1,2,'February',9,1,'Sunday',0),(20200210,'2020-02-10',2020,1,2,'February',10,2,'Monday',0),(20200211,'2020-02-11',2020,1,2,'February',11,3,'Tuesday',0),(20200212,'2020-02-12',2020,1,2,'February',12,4,'Wednesday',0),(20200213,'2020-02-13',2020,1,2,'February',13,5,'Thursday',0),(20200214,'2020-02-14',2020,1,2,'February',14,6,'Friday',1),(20200215,'2020-02-15',2020,1,2,'February',15,7,'Saturday',0),(20200216,'2020-02-16',2020,1,2,'February',16,1,'Sunday',0),(20200217,'2020-02-17',2020,1,2,'February',17,2,'Monday',0),(20200218,'2020-02-18',2020,1,2,'February',18,3,'Tuesday',0),(20200219,'2020-02-19',2020,1,2,'February',19,4,'Wednesday',0),(20200220,'2020-02-20',2020,1,2,'February',20,5,'Thursday',0),(20200221,'2020-02-21',2020,1,2,'February',21,6,'Friday',0),(20200222,'2020-02-22',2020,1,2,'February',22,7,'Saturday',0),(20200223,'2020-02-23',2020,1,2,'February',23,1,'Sunday',0),(20200224,'2020-02-24',2020,1,2,'February',24,2,'Monday',0),(20200225,'2020-02-25',2020,1,2,'February',25,3,'Tuesday',0),(20200226,'2020-02-26',2020,1,2,'February',26,4,'Wednesday',0),(20200227,'2020-02-27',2020,1,2,'February',27,5,'Thursday',0),(20200228,'2020-02-28',2020,1,2,'February',28,6,'Friday',0),(20200229,'2020-02-29',2020,1,2,'February',29,7,'Saturday',0),(20200301,'2020-03-01',2020,1,3,'March',1,1,'Sunday',0),(20200302,'2020-03-02',2020,1,3,'March',2,2,'Monday',0),(20200303,'2020-03-03',2020,1,3,'March',3,3,'Tuesday',0),(20200304,'2020-03-04',2020,1,3,'March',4,4,'Wednesday',0),(20200305,'2020-03-05',2020,1,3,'March',5,5,'Thursday',0),(20200306,'2020-03-06',2020,1,3,'March',6,6,'Friday',0),(20200307,'2020-03-07',2020,1,3,'March',7,7,'Saturday',0),(20200308,'2020-03-08',2020,1,3,'March',8,1,'Sunday',0),(20200309,'2020-03-09',2020,1,3,'March',9,2,'Monday',0),(20200310,'2020-03-10',2020,1,3,'March',10,3,'Tuesday',0),(20200311,'2020-03-11',2020,1,3,'March',11,4,'Wednesday',0),(20200312,'2020-03-12',2020,1,3,'March',12,5,'Thursday',0),(20200313,'2020-03-13',2020,1,3,'March',13,6,'Friday',0),(20200314,'2020-03-14',2020,1,3,'March',14,7,'Saturday',0),(20200315,'2020-03-15',2020,1,3,'March',15,1,'Sunday',0),(20200316,'2020-03-16',2020,1,3,'March',16,2,'Monday',0),(20200317,'2020-03-17',2020,1,3,'March',17,3,'Tuesday',1),(20200318,'2020-03-18',2020,1,3,'March',18,4,'Wednesday',0),(20200319,'2020-03-19',2020,1,3,'March',19,5,'Thursday',0),(20200320,'2020-03-20',2020,1,3,'March',20,6,'Friday',0),(20200321,'2020-03-21',2020,1,3,'March',21,7,'Saturday',0),(20200322,'2020-03-22',2020,1,3,'March',22,1,'Sunday',0),(20200323,'2020-03-23',2020,1,3,'March',23,2,'Monday',0),(20200324,'2020-03-24',2020,1,3,'March',24,3,'Tuesday',0),(20200325,'2020-03-25',2020,1,3,'March',25,4,'Wednesday',0),(20200326,'2020-03-26',2020,1,3,'March',26,5,'Thursday',0),(20200327,'2020-03-27',2020,1,3,'March',27,6,'Friday',0),(20200328,'2020-03-28',2020,1,3,'March',28,7,'Saturday',0),(20200329,'2020-03-29',2020,1,3,'March',29,1,'Sunday',0),(20200330,'2020-03-30',2020,1,3,'March',30,2,'Monday',0),(20200331,'2020-03-31',2020,1,3,'March',31,3,'Tuesday',0),(20200401,'2020-04-01',2020,2,4,'April',1,4,'Wednesday',0),(20200402,'2020-04-02',2020,2,4,'April',2,5,'Thursday',0),(20200403,'2020-04-03',2020,2,4,'April',3,6,'Friday',0),(20200404,'2020-04-04',2020,2,4,'April',4,7,'Saturday',0),(20200405,'2020-04-05',2020,2,4,'April',5,1,'Sunday',0),(20200406,'2020-04-06',2020,2,4,'April',6,2,'Monday',0),(20200407,'2020-04-07',2020,2,4,'April',7,3,'Tuesday',0),(20200408,'2020-04-08',2020,2,4,'April',8,4,'Wednesday',0),(20200409,'2020-04-09',2020,2,4,'April',9,5,'Thursday',0),(20200410,'2020-04-10',2020,2,4,'April',10,6,'Friday',0),(20200411,'2020-04-11',2020,2,4,'April',11,7,'Saturday',0),(20200412,'2020-04-12',2020,2,4,'April',12,1,'Sunday',0),(20200413,'2020-04-13',2020,2,4,'April',13,2,'Monday',0),(20200414,'2020-04-14',2020,2,4,'April',14,3,'Tuesday',0),(20200415,'2020-04-15',2020,2,4,'April',15,4,'Wednesday',0),(20200416,'2020-04-16',2020,2,4,'April',16,5,'Thursday',0),(20200417,'2020-04-17',2020,2,4,'April',17,6,'Friday',0),(20200418,'2020-04-18',2020,2,4,'April',18,7,'Saturday',0),(20200419,'2020-04-19',2020,2,4,'April',19,1,'Sunday',0),(20200420,'2020-04-20',2020,2,4,'April',20,2,'Monday',0),(20200421,'2020-04-21',2020,2,4,'April',21,3,'Tuesday',0),(20200422,'2020-04-22',2020,2,4,'April',22,4,'Wednesday',0),(20200423,'2020-04-23',2020,2,4,'April',23,5,'Thursday',0),(20200424,'2020-04-24',2020,2,4,'April',24,6,'Friday',0),(20200425,'2020-04-25',2020,2,4,'April',25,7,'Saturday',0),(20200426,'2020-04-26',2020,2,4,'April',26,1,'Sunday',0),(20200427,'2020-04-27',2020,2,4,'April',27,2,'Monday',0),(20200428,'2020-04-28',2020,2,4,'April',28,3,'Tuesday',0),(20200429,'2020-04-29',2020,2,4,'April',29,4,'Wednesday',0),(20200430,'2020-04-30',2020,2,4,'April',30,5,'Thursday',0),(20200501,'2020-05-01',2020,2,5,'May',1,6,'Friday',0),(20200502,'2020-05-02',2020,2,5,'May',2,7,'Saturday',0),(20200503,'2020-05-03',2020,2,5,'May',3,1,'Sunday',0),(20200504,'2020-05-04',2020,2,5,'May',4,2,'Monday',0),(20200505,'2020-05-05',2020,2,5,'May',5,3,'Tuesday',0),(20200506,'2020-05-06',2020,2,5,'May',6,4,'Wednesday',0),(20200507,'2020-05-07',2020,2,5,'May',7,5,'Thursday',0),(20200508,'2020-05-08',2020,2,5,'May',8,6,'Friday',0),(20200509,'2020-05-09',2020,2,5,'May',9,7,'Saturday',0),(20200510,'2020-05-10',2020,2,5,'May',10,1,'Sunday',0),(20200511,'2020-05-11',2020,2,5,'May',11,2,'Monday',0),(20200512,'2020-05-12',2020,2,5,'May',12,3,'Tuesday',0),(20200513,'2020-05-13',2020,2,5,'May',13,4,'Wednesday',0),(20200514,'2020-05-14',2020,2,5,'May',14,5,'Thursday',0),(20200515,'2020-05-15',2020,2,5,'May',15,6,'Friday',0),(20200516,'2020-05-16',2020,2,5,'May',16,7,'Saturday',0),(20200517,'2020-05-17',2020,2,5,'May',17,1,'Sunday',0),(20200518,'2020-05-18',2020,2,5,'May',18,2,'Monday',0),(20200519,'2020-05-19',2020,2,5,'May',19,3,'Tuesday',0),(20200520,'2020-05-20',2020,2,5,'May',20,4,'Wednesday',0),(20200521,'2020-05-21',2020,2,5,'May',21,5,'Thursday',0),(20200522,'2020-05-22',2020,2,5,'May',22,6,'Friday',0),(20200523,'2020-05-23',2020,2,5,'May',23,7,'Saturday',0),(20200524,'2020-05-24',2020,2,5,'May',24,1,'Sunday',0),(20200525,'2020-05-25',2020,2,5,'May',25,2,'Monday',0),(20200526,'2020-05-26',2020,2,5,'May',26,3,'Tuesday',0),(20200527,'2020-05-27',2020,2,5,'May',27,4,'Wednesday',0),(20200528,'2020-05-28',2020,2,5,'May',28,5,'Thursday',0),(20200529,'2020-05-29',2020,2,5,'May',29,6,'Friday',0),(20200530,'2020-05-30',2020,2,5,'May',30,7,'Saturday',0),(20200531,'2020-05-31',2020,2,5,'May',31,1,'Sunday',0),(20200601,'2020-06-01',2020,2,6,'June',1,2,'Monday',0),(20200602,'2020-06-02',2020,2,6,'June',2,3,'Tuesday',0),(20200603,'2020-06-03',2020,2,6,'June',3,4,'Wednesday',0),(20200604,'2020-06-04',2020,2,6,'June',4,5,'Thursday',0),(20200605,'2020-06-05',2020,2,6,'June',5,6,'Friday',0),(20200606,'2020-06-06',2020,2,6,'June',6,7,'Saturday',0),(20200607,'2020-06-07',2020,2,6,'June',7,1,'Sunday',0),(20200608,'2020-06-08',2020,2,6,'June',8,2,'Monday',0),(20200609,'2020-06-09',2020,2,6,'June',9,3,'Tuesday',0),(20200610,'2020-06-10',2020,2,6,'June',10,4,'Wednesday',0),(20200611,'2020-06-11',2020,2,6,'June',11,5,'Thursday',0),(20200612,'2020-06-12',2020,2,6,'June',12,6,'Friday',0),(20200613,'2020-06-13',2020,2,6,'June',13,7,'Saturday',0),(20200614,'2020-06-14',2020,2,6,'June',14,1,'Sunday',0),(20200615,'2020-06-15',2020,2,6,'June',15,2,'Monday',0),(20200616,'2020-06-16',2020,2,6,'June',16,3,'Tuesday',0),(20200617,'2020-06-17',2020,2,6,'June',17,4,'Wednesday',0),(20200618,'2020-06-18',2020,2,6,'June',18,5,'Thursday',0),(20200619,'2020-06-19',2020,2,6,'June',19,6,'Friday',0),(20200620,'2020-06-20',2020,2,6,'June',20,7,'Saturday',0),(20200621,'2020-06-21',2020,2,6,'June',21,1,'Sunday',0),(20200622,'2020-06-22',2020,2,6,'June',22,2,'Monday',0),(20200623,'2020-06-23',2020,2,6,'June',23,3,'Tuesday',0),(20200624,'2020-06-24',2020,2,6,'June',24,4,'Wednesday',0),(20200625,'2020-06-25',2020,2,6,'June',25,5,'Thursday',0),(20200626,'2020-06-26',2020,2,6,'June',26,6,'Friday',0),(20200627,'2020-06-27',2020,2,6,'June',27,7,'Saturday',0),(20200628,'2020-06-28',2020,2,6,'June',28,1,'Sunday',0),(20200629,'2020-06-29',2020,2,6,'June',29,2,'Monday',0),(20200630,'2020-06-30',2020,2,6,'June',30,3,'Tuesday',0),(20200701,'2020-07-01',2020,3,7,'July',1,4,'Wednesday',0),(20200702,'2020-07-02',2020,3,7,'July',2,5,'Thursday',0),(20200703,'2020-07-03',2020,3,7,'July',3,6,'Friday',0),(20200704,'2020-07-04',2020,3,7,'July',4,7,'Saturday',1),(20200705,'2020-07-05',2020,3,7,'July',5,1,'Sunday',0),(20200706,'2020-07-06',2020,3,7,'July',6,2,'Monday',0),(20200707,'2020-07-07',2020,3,7,'July',7,3,'Tuesday',0),(20200708,'2020-07-08',2020,3,7,'July',8,4,'Wednesday',0),(20200709,'2020-07-09',2020,3,7,'July',9,5,'Thursday',0),(20200710,'2020-07-10',2020,3,7,'July',10,6,'Friday',0),(20200711,'2020-07-11',2020,3,7,'July',11,7,'Saturday',0),(20200712,'2020-07-12',2020,3,7,'July',12,1,'Sunday',0),(20200713,'2020-07-13',2020,3,7,'July',13,2,'Monday',0),(20200714,'2020-07-14',2020,3,7,'July',14,3,'Tuesday',0),(20200715,'2020-07-15',2020,3,7,'July',15,4,'Wednesday',0),(20200716,'2020-07-16',2020,3,7,'July',16,5,'Thursday',0),(20200717,'2020-07-17',2020,3,7,'July',17,6,'Friday',0),(20200718,'2020-07-18',2020,3,7,'July',18,7,'Saturday',0),(20200719,'2020-07-19',2020,3,7,'July',19,1,'Sunday',0),(20200720,'2020-07-20',2020,3,7,'July',20,2,'Monday',0),(20200721,'2020-07-21',2020,3,7,'July',21,3,'Tuesday',0),(20200722,'2020-07-22',2020,3,7,'July',22,4,'Wednesday',0),(20200723,'2020-07-23',2020,3,7,'July',23,5,'Thursday',0),(20200724,'2020-07-24',2020,3,7,'July',24,6,'Friday',0),(20200725,'2020-07-25',2020,3,7,'July',25,7,'Saturday',0),(20200726,'2020-07-26',2020,3,7,'July',26,1,'Sunday',0),(20200727,'2020-07-27',2020,3,7,'July',27,2,'Monday',0),(20200728,'2020-07-28',2020,3,7,'July',28,3,'Tuesday',0),(20200729,'2020-07-29',2020,3,7,'July',29,4,'Wednesday',0),(20200730,'2020-07-30',2020,3,7,'July',30,5,'Thursday',0),(20200731,'2020-07-31',2020,3,7,'July',31,6,'Friday',0),(20200801,'2020-08-01',2020,3,8,'August',1,7,'Saturday',0),(20200802,'2020-08-02',2020,3,8,'August',2,1,'Sunday',0),(20200803,'2020-08-03',2020,3,8,'August',3,2,'Monday',0),(20200804,'2020-08-04',2020,3,8,'August',4,3,'Tuesday',0),(20200805,'2020-08-05',2020,3,8,'August',5,4,'Wednesday',0),(20200806,'2020-08-06',2020,3,8,'August',6,5,'Thursday',0),(20200807,'2020-08-07',2020,3,8,'August',7,6,'Friday',0),(20200808,'2020-08-08',2020,3,8,'August',8,7,'Saturday',0),(20200809,'2020-08-09',2020,3,8,'August',9,1,'Sunday',0),(20200810,'2020-08-10',2020,3,8,'August',10,2,'Monday',0),(20200811,'2020-08-11',2020,3,8,'August',11,3,'Tuesday',0),(20200812,'2020-08-12',2020,3,8,'August',12,4,'Wednesday',0),(20200813,'2020-08-13',2020,3,8,'August',13,5,'Thursday',0),(20200814,'2020-08-14',2020,3,8,'August',14,6,'Friday',0),(20200815,'2020-08-15',2020,3,8,'August',15,7,'Saturday',0),(20200816,'2020-08-16',2020,3,8,'August',16,1,'Sunday',0),(20200817,'2020-08-17',2020,3,8,'August',17,2,'Monday',0),(20200818,'2020-08-18',2020,3,8,'August',18,3,'Tuesday',0),(20200819,'2020-08-19',2020,3,8,'August',19,4,'Wednesday',0),(20200820,'2020-08-20',2020,3,8,'August',20,5,'Thursday',0),(20200821,'2020-08-21',2020,3,8,'August',21,6,'Friday',0),(20200822,'2020-08-22',2020,3,8,'August',22,7,'Saturday',0),(20200823,'2020-08-23',2020,3,8,'August',23,1,'Sunday',0),(20200824,'2020-08-24',2020,3,8,'August',24,2,'Monday',0),(20200825,'2020-08-25',2020,3,8,'August',25,3,'Tuesday',0),(20200826,'2020-08-26',2020,3,8,'August',26,4,'Wednesday',0),(20200827,'2020-08-27',2020,3,8,'August',27,5,'Thursday',0),(20200828,'2020-08-28',2020,3,8,'August',28,6,'Friday',0),(20200829,'2020-08-29',2020,3,8,'August',29,7,'Saturday',0),(20200830,'2020-08-30',2020,3,8,'August',30,1,'Sunday',0),(20200831,'2020-08-31',2020,3,8,'August',31,2,'Monday',0),(20200901,'2020-09-01',2020,3,9,'September',1,3,'Tuesday',0),(20200902,'2020-09-02',2020,3,9,'September',2,4,'Wednesday',0),(20200903,'2020-09-03',2020,3,9,'September',3,5,'Thursday',0),(20200904,'2020-09-04',2020,3,9,'September',4,6,'Friday',0),(20200905,'2020-09-05',2020,3,9,'September',5,7,'Saturday',0),(20200906,'2020-09-06',2020,3,9,'September',6,1,'Sunday',0),(20200907,'2020-09-07',2020,3,9,'September',7,2,'Monday',0),(20200908,'2020-09-08',2020,3,9,'September',8,3,'Tuesday',0),(20200909,'2020-09-09',2020,3,9,'September',9,4,'Wednesday',0),(20200910,'2020-09-10',2020,3,9,'September',10,5,'Thursday',0),(20200911,'2020-09-11',2020,3,9,'September',11,6,'Friday',0),(20200912,'2020-09-12',2020,3,9,'September',12,7,'Saturday',0),(20200913,'2020-09-13',2020,3,9,'September',13,1,'Sunday',0),(20200914,'2020-09-14',2020,3,9,'September',14,2,'Monday',0),(20200915,'2020-09-15',2020,3,9,'September',15,3,'Tuesday',0),(20200916,'2020-09-16',2020,3,9,'September',16,4,'Wednesday',0),(20200917,'2020-09-17',2020,3,9,'September',17,5,'Thursday',0),(20200918,'2020-09-18',2020,3,9,'September',18,6,'Friday',0),(20200919,'2020-09-19',2020,3,9,'September',19,7,'Saturday',0),(20200920,'2020-09-20',2020,3,9,'September',20,1,'Sunday',0),(20200921,'2020-09-21',2020,3,9,'September',21,2,'Monday',0),(20200922,'2020-09-22',2020,3,9,'September',22,3,'Tuesday',0),(20200923,'2020-09-23',2020,3,9,'September',23,4,'Wednesday',0),(20200924,'2020-09-24',2020,3,9,'September',24,5,'Thursday',0),(20200925,'2020-09-25',2020,3,9,'September',25,6,'Friday',0),(20200926,'2020-09-26',2020,3,9,'September',26,7,'Saturday',0),(20200927,'2020-09-27',2020,3,9,'September',27,1,'Sunday',0),(20200928,'2020-09-28',2020,3,9,'September',28,2,'Monday',0),(20200929,'2020-09-29',2020,3,9,'September',29,3,'Tuesday',0),(20200930,'2020-09-30',2020,3,9,'September',30,4,'Wednesday',0),(20201001,'2020-10-01',2020,4,10,'October',1,5,'Thursday',0),(20201002,'2020-10-02',2020,4,10,'October',2,6,'Friday',0),(20201003,'2020-10-03',2020,4,10,'October',3,7,'Saturday',0),(20201004,'2020-10-04',2020,4,10,'October',4,1,'Sunday',0),(20201005,'2020-10-05',2020,4,10,'October',5,2,'Monday',0),(20201006,'2020-10-06',2020,4,10,'October',6,3,'Tuesday',0),(20201007,'2020-10-07',2020,4,10,'October',7,4,'Wednesday',0),(20201008,'2020-10-08',2020,4,10,'October',8,5,'Thursday',0),(20201009,'2020-10-09',2020,4,10,'October',9,6,'Friday',0),(20201010,'2020-10-10',2020,4,10,'October',10,7,'Saturday',0),(20201011,'2020-10-11',2020,4,10,'October',11,1,'Sunday',0),(20201012,'2020-10-12',2020,4,10,'October',12,2,'Monday',0),(20201013,'2020-10-13',2020,4,10,'October',13,3,'Tuesday',0),(20201014,'2020-10-14',2020,4,10,'October',14,4,'Wednesday',0),(20201015,'2020-10-15',2020,4,10,'October',15,5,'Thursday',0),(20201016,'2020-10-16',2020,4,10,'October',16,6,'Friday',0),(20201017,'2020-10-17',2020,4,10,'October',17,7,'Saturday',0),(20201018,'2020-10-18',2020,4,10,'October',18,1,'Sunday',0),(20201019,'2020-10-19',2020,4,10,'October',19,2,'Monday',0),(20201020,'2020-10-20',2020,4,10,'October',20,3,'Tuesday',0),(20201021,'2020-10-21',2020,4,10,'October',21,4,'Wednesday',0),(20201022,'2020-10-22',2020,4,10,'October',22,5,'Thursday',0),(20201023,'2020-10-23',2020,4,10,'October',23,6,'Friday',0),(20201024,'2020-10-24',2020,4,10,'October',24,7,'Saturday',0),(20201025,'2020-10-25',2020,4,10,'October',25,1,'Sunday',0),(20201026,'2020-10-26',2020,4,10,'October',26,2,'Monday',0),(20201027,'2020-10-27',2020,4,10,'October',27,3,'Tuesday',0),(20201028,'2020-10-28',2020,4,10,'October',28,4,'Wednesday',0),(20201029,'2020-10-29',2020,4,10,'October',29,5,'Thursday',0),(20201030,'2020-10-30',2020,4,10,'October',30,6,'Friday',0),(20201031,'2020-10-31',2020,4,10,'October',31,7,'Saturday',1),(20201101,'2020-11-01',2020,4,11,'November',1,1,'Sunday',0),(20201102,'2020-11-02',2020,4,11,'November',2,2,'Monday',0),(20201103,'2020-11-03',2020,4,11,'November',3,3,'Tuesday',0),(20201104,'2020-11-04',2020,4,11,'November',4,4,'Wednesday',0),(20201105,'2020-11-05',2020,4,11,'November',5,5,'Thursday',0),(20201106,'2020-11-06',2020,4,11,'November',6,6,'Friday',0),(20201107,'2020-11-07',2020,4,11,'November',7,7,'Saturday',0),(20201108,'2020-11-08',2020,4,11,'November',8,1,'Sunday',0),(20201109,'2020-11-09',2020,4,11,'November',9,2,'Monday',0),(20201110,'2020-11-10',2020,4,11,'November',10,3,'Tuesday',0),(20201111,'2020-11-11',2020,4,11,'November',11,4,'Wednesday',1),(20201112,'2020-11-12',2020,4,11,'November',12,5,'Thursday',0),(20201113,'2020-11-13',2020,4,11,'November',13,6,'Friday',0),(20201114,'2020-11-14',2020,4,11,'November',14,7,'Saturday',0),(20201115,'2020-11-15',2020,4,11,'November',15,1,'Sunday',0),(20201116,'2020-11-16',2020,4,11,'November',16,2,'Monday',0),(20201117,'2020-11-17',2020,4,11,'November',17,3,'Tuesday',0),(20201118,'2020-11-18',2020,4,11,'November',18,4,'Wednesday',0),(20201119,'2020-11-19',2020,4,11,'November',19,5,'Thursday',0),(20201120,'2020-11-20',2020,4,11,'November',20,6,'Friday',0),(20201121,'2020-11-21',2020,4,11,'November',21,7,'Saturday',0),(20201122,'2020-11-22',2020,4,11,'November',22,1,'Sunday',0),(20201123,'2020-11-23',2020,4,11,'November',23,2,'Monday',0),(20201124,'2020-11-24',2020,4,11,'November',24,3,'Tuesday',0),(20201125,'2020-11-25',2020,4,11,'November',25,4,'Wednesday',0),(20201126,'2020-11-26',2020,4,11,'November',26,5,'Thursday',0),(20201127,'2020-11-27',2020,4,11,'November',27,6,'Friday',0),(20201128,'2020-11-28',2020,4,11,'November',28,7,'Saturday',0),(20201129,'2020-11-29',2020,4,11,'November',29,1,'Sunday',0),(20201130,'2020-11-30',2020,4,11,'November',30,2,'Monday',0),(20201201,'2020-12-01',2020,4,12,'December',1,3,'Tuesday',0),(20201202,'2020-12-02',2020,4,12,'December',2,4,'Wednesday',0),(20201203,'2020-12-03',2020,4,12,'December',3,5,'Thursday',0),(20201204,'2020-12-04',2020,4,12,'December',4,6,'Friday',0),(20201205,'2020-12-05',2020,4,12,'December',5,7,'Saturday',0),(20201206,'2020-12-06',2020,4,12,'December',6,1,'Sunday',0),(20201207,'2020-12-07',2020,4,12,'December',7,2,'Monday',0),(20201208,'2020-12-08',2020,4,12,'December',8,3,'Tuesday',0),(20201209,'2020-12-09',2020,4,12,'December',9,4,'Wednesday',0),(20201210,'2020-12-10',2020,4,12,'December',10,5,'Thursday',0),(20201211,'2020-12-11',2020,4,12,'December',11,6,'Friday',0),(20201212,'2020-12-12',2020,4,12,'December',12,7,'Saturday',0),(20201213,'2020-12-13',2020,4,12,'December',13,1,'Sunday',0),(20201214,'2020-12-14',2020,4,12,'December',14,2,'Monday',0),(20201215,'2020-12-15',2020,4,12,'December',15,3,'Tuesday',0),(20201216,'2020-12-16',2020,4,12,'December',16,4,'Wednesday',0),(20201217,'2020-12-17',2020,4,12,'December',17,5,'Thursday',0),(20201218,'2020-12-18',2020,4,12,'December',18,6,'Friday',0),(20201219,'2020-12-19',2020,4,12,'December',19,7,'Saturday',0),(20201220,'2020-12-20',2020,4,12,'December',20,1,'Sunday',0),(20201221,'2020-12-21',2020,4,12,'December',21,2,'Monday',0),(20201222,'2020-12-22',2020,4,12,'December',22,3,'Tuesday',0),(20201223,'2020-12-23',2020,4,12,'December',23,4,'Wednesday',0),(20201224,'2020-12-24',2020,4,12,'December',24,5,'Thursday',0),(20201225,'2020-12-25',2020,4,12,'December',25,6,'Friday',1),(20201226,'2020-12-26',2020,4,12,'December',26,7,'Saturday',0),(20201227,'2020-12-27',2020,4,12,'December',27,1,'Sunday',0),(20201228,'2020-12-28',2020,4,12,'December',28,2,'Monday',0),(20201229,'2020-12-29',2020,4,12,'December',29,3,'Tuesday',0),(20201230,'2020-12-30',2020,4,12,'December',30,4,'Wednesday',0),(20201231,'2020-12-31',2020,4,12,'December',31,5,'Thursday',0),(20210101,'2021-01-01',2021,1,1,'January',1,6,'Friday',1),(20210102,'2021-01-02',2021,1,1,'January',2,7,'Saturday',0),(20210103,'2021-01-03',2021,1,1,'January',3,1,'Sunday',0),(20210104,'2021-01-04',2021,1,1,'January',4,2,'Monday',0),(20210105,'2021-01-05',2021,1,1,'January',5,3,'Tuesday',0),(20210106,'2021-01-06',2021,1,1,'January',6,4,'Wednesday',0),(20210107,'2021-01-07',2021,1,1,'January',7,5,'Thursday',0),(20210108,'2021-01-08',2021,1,1,'January',8,6,'Friday',0),(20210109,'2021-01-09',2021,1,1,'January',9,7,'Saturday',0),(20210110,'2021-01-10',2021,1,1,'January',10,1,'Sunday',0),(20210111,'2021-01-11',2021,1,1,'January',11,2,'Monday',0),(20210112,'2021-01-12',2021,1,1,'January',12,3,'Tuesday',0),(20210113,'2021-01-13',2021,1,1,'January',13,4,'Wednesday',0),(20210114,'2021-01-14',2021,1,1,'January',14,5,'Thursday',0),(20210115,'2021-01-15',2021,1,1,'January',15,6,'Friday',0),(20210116,'2021-01-16',2021,1,1,'January',16,7,'Saturday',0),(20210117,'2021-01-17',2021,1,1,'January',17,1,'Sunday',0),(20210118,'2021-01-18',2021,1,1,'January',18,2,'Monday',0),(20210119,'2021-01-19',2021,1,1,'January',19,3,'Tuesday',0),(20210120,'2021-01-20',2021,1,1,'January',20,4,'Wednesday',0),(20210121,'2021-01-21',2021,1,1,'January',21,5,'Thursday',0),(20210122,'2021-01-22',2021,1,1,'January',22,6,'Friday',0),(20210123,'2021-01-23',2021,1,1,'January',23,7,'Saturday',0),(20210124,'2021-01-24',2021,1,1,'January',24,1,'Sunday',0),(20210125,'2021-01-25',2021,1,1,'January',25,2,'Monday',0),(20210126,'2021-01-26',2021,1,1,'January',26,3,'Tuesday',0),(20210127,'2021-01-27',2021,1,1,'January',27,4,'Wednesday',0),(20210128,'2021-01-28',2021,1,1,'January',28,5,'Thursday',0),(20210129,'2021-01-29',2021,1,1,'January',29,6,'Friday',0),(20210130,'2021-01-30',2021,1,1,'January',30,7,'Saturday',0),(20210131,'2021-01-31',2021,1,1,'January',31,1,'Sunday',0),(20210201,'2021-02-01',2021,1,2,'February',1,2,'Monday',0),(20210202,'2021-02-02',2021,1,2,'February',2,3,'Tuesday',0),(20210203,'2021-02-03',2021,1,2,'February',3,4,'Wednesday',0),(20210204,'2021-02-04',2021,1,2,'February',4,5,'Thursday',0),(20210205,'2021-02-05',2021,1,2,'February',5,6,'Friday',0),(20210206,'2021-02-06',2021,1,2,'February',6,7,'Saturday',0),(20210207,'2021-02-07',2021,1,2,'February',7,1,'Sunday',0),(20210208,'2021-02-08',2021,1,2,'February',8,2,'Monday',0),(20210209,'2021-02-09',2021,1,2,'February',9,3,'Tuesday',0),(20210210,'2021-02-10',2021,1,2,'February',10,4,'Wednesday',0),(20210211,'2021-02-11',2021,1,2,'February',11,5,'Thursday',0),(20210212,'2021-02-12',2021,1,2,'February',12,6,'Friday',0),(20210213,'2021-02-13',2021,1,2,'February',13,7,'Saturday',0),(20210214,'2021-02-14',2021,1,2,'February',14,1,'Sunday',1),(20210215,'2021-02-15',2021,1,2,'February',15,2,'Monday',0),(20210216,'2021-02-16',2021,1,2,'February',16,3,'Tuesday',0),(20210217,'2021-02-17',2021,1,2,'February',17,4,'Wednesday',0),(20210218,'2021-02-18',2021,1,2,'February',18,5,'Thursday',0),(20210219,'2021-02-19',2021,1,2,'February',19,6,'Friday',0),(20210220,'2021-02-20',2021,1,2,'February',20,7,'Saturday',0),(20210221,'2021-02-21',2021,1,2,'February',21,1,'Sunday',0),(20210222,'2021-02-22',2021,1,2,'February',22,2,'Monday',0),(20210223,'2021-02-23',2021,1,2,'February',23,3,'Tuesday',0),(20210224,'2021-02-24',2021,1,2,'February',24,4,'Wednesday',0),(20210225,'2021-02-25',2021,1,2,'February',25,5,'Thursday',0),(20210226,'2021-02-26',2021,1,2,'February',26,6,'Friday',0),(20210227,'2021-02-27',2021,1,2,'February',27,7,'Saturday',0),(20210228,'2021-02-28',2021,1,2,'February',28,1,'Sunday',0),(20210301,'2021-03-01',2021,1,3,'March',1,2,'Monday',0),(20210302,'2021-03-02',2021,1,3,'March',2,3,'Tuesday',0),(20210303,'2021-03-03',2021,1,3,'March',3,4,'Wednesday',0),(20210304,'2021-03-04',2021,1,3,'March',4,5,'Thursday',0),(20210305,'2021-03-05',2021,1,3,'March',5,6,'Friday',0),(20210306,'2021-03-06',2021,1,3,'March',6,7,'Saturday',0),(20210307,'2021-03-07',2021,1,3,'March',7,1,'Sunday',0),(20210308,'2021-03-08',2021,1,3,'March',8,2,'Monday',0),(20210309,'2021-03-09',2021,1,3,'March',9,3,'Tuesday',0),(20210310,'2021-03-10',2021,1,3,'March',10,4,'Wednesday',0),(20210311,'2021-03-11',2021,1,3,'March',11,5,'Thursday',0),(20210312,'2021-03-12',2021,1,3,'March',12,6,'Friday',0),(20210313,'2021-03-13',2021,1,3,'March',13,7,'Saturday',0),(20210314,'2021-03-14',2021,1,3,'March',14,1,'Sunday',0),(20210315,'2021-03-15',2021,1,3,'March',15,2,'Monday',0),(20210316,'2021-03-16',2021,1,3,'March',16,3,'Tuesday',0),(20210317,'2021-03-17',2021,1,3,'March',17,4,'Wednesday',1),(20210318,'2021-03-18',2021,1,3,'March',18,5,'Thursday',0),(20210319,'2021-03-19',2021,1,3,'March',19,6,'Friday',0),(20210320,'2021-03-20',2021,1,3,'March',20,7,'Saturday',0),(20210321,'2021-03-21',2021,1,3,'March',21,1,'Sunday',0),(20210322,'2021-03-22',2021,1,3,'March',22,2,'Monday',0),(20210323,'2021-03-23',2021,1,3,'March',23,3,'Tuesday',0),(20210324,'2021-03-24',2021,1,3,'March',24,4,'Wednesday',0),(20210325,'2021-03-25',2021,1,3,'March',25,5,'Thursday',0),(20210326,'2021-03-26',2021,1,3,'March',26,6,'Friday',0),(20210327,'2021-03-27',2021,1,3,'March',27,7,'Saturday',0),(20210328,'2021-03-28',2021,1,3,'March',28,1,'Sunday',0),(20210329,'2021-03-29',2021,1,3,'March',29,2,'Monday',0),(20210330,'2021-03-30',2021,1,3,'March',30,3,'Tuesday',0),(20210331,'2021-03-31',2021,1,3,'March',31,4,'Wednesday',0),(20210401,'2021-04-01',2021,2,4,'April',1,5,'Thursday',0),(20210402,'2021-04-02',2021,2,4,'April',2,6,'Friday',0),(20210403,'2021-04-03',2021,2,4,'April',3,7,'Saturday',0),(20210404,'2021-04-04',2021,2,4,'April',4,1,'Sunday',0),(20210405,'2021-04-05',2021,2,4,'April',5,2,'Monday',0),(20210406,'2021-04-06',2021,2,4,'April',6,3,'Tuesday',0),(20210407,'2021-04-07',2021,2,4,'April',7,4,'Wednesday',0),(20210408,'2021-04-08',2021,2,4,'April',8,5,'Thursday',0),(20210409,'2021-04-09',2021,2,4,'April',9,6,'Friday',0),(20210410,'2021-04-10',2021,2,4,'April',10,7,'Saturday',0),(20210411,'2021-04-11',2021,2,4,'April',11,1,'Sunday',0),(20210412,'2021-04-12',2021,2,4,'April',12,2,'Monday',0),(20210413,'2021-04-13',2021,2,4,'April',13,3,'Tuesday',0),(20210414,'2021-04-14',2021,2,4,'April',14,4,'Wednesday',0),(20210415,'2021-04-15',2021,2,4,'April',15,5,'Thursday',0),(20210416,'2021-04-16',2021,2,4,'April',16,6,'Friday',0),(20210417,'2021-04-17',2021,2,4,'April',17,7,'Saturday',0),(20210418,'2021-04-18',2021,2,4,'April',18,1,'Sunday',0),(20210419,'2021-04-19',2021,2,4,'April',19,2,'Monday',0),(20210420,'2021-04-20',2021,2,4,'April',20,3,'Tuesday',0),(20210421,'2021-04-21',2021,2,4,'April',21,4,'Wednesday',0),(20210422,'2021-04-22',2021,2,4,'April',22,5,'Thursday',0),(20210423,'2021-04-23',2021,2,4,'April',23,6,'Friday',0),(20210424,'2021-04-24',2021,2,4,'April',24,7,'Saturday',0),(20210425,'2021-04-25',2021,2,4,'April',25,1,'Sunday',0),(20210426,'2021-04-26',2021,2,4,'April',26,2,'Monday',0),(20210427,'2021-04-27',2021,2,4,'April',27,3,'Tuesday',0),(20210428,'2021-04-28',2021,2,4,'April',28,4,'Wednesday',0),(20210429,'2021-04-29',2021,2,4,'April',29,5,'Thursday',0),(20210430,'2021-04-30',2021,2,4,'April',30,6,'Friday',0),(20210501,'2021-05-01',2021,2,5,'May',1,7,'Saturday',0),(20210502,'2021-05-02',2021,2,5,'May',2,1,'Sunday',0),(20210503,'2021-05-03',2021,2,5,'May',3,2,'Monday',0),(20210504,'2021-05-04',2021,2,5,'May',4,3,'Tuesday',0),(20210505,'2021-05-05',2021,2,5,'May',5,4,'Wednesday',0),(20210506,'2021-05-06',2021,2,5,'May',6,5,'Thursday',0),(20210507,'2021-05-07',2021,2,5,'May',7,6,'Friday',0),(20210508,'2021-05-08',2021,2,5,'May',8,7,'Saturday',0),(20210509,'2021-05-09',2021,2,5,'May',9,1,'Sunday',0),(20210510,'2021-05-10',2021,2,5,'May',10,2,'Monday',0),(20210511,'2021-05-11',2021,2,5,'May',11,3,'Tuesday',0),(20210512,'2021-05-12',2021,2,5,'May',12,4,'Wednesday',0),(20210513,'2021-05-13',2021,2,5,'May',13,5,'Thursday',0),(20210514,'2021-05-14',2021,2,5,'May',14,6,'Friday',0),(20210515,'2021-05-15',2021,2,5,'May',15,7,'Saturday',0),(20210516,'2021-05-16',2021,2,5,'May',16,1,'Sunday',0),(20210517,'2021-05-17',2021,2,5,'May',17,2,'Monday',0),(20210518,'2021-05-18',2021,2,5,'May',18,3,'Tuesday',0),(20210519,'2021-05-19',2021,2,5,'May',19,4,'Wednesday',0),(20210520,'2021-05-20',2021,2,5,'May',20,5,'Thursday',0),(20210521,'2021-05-21',2021,2,5,'May',21,6,'Friday',0),(20210522,'2021-05-22',2021,2,5,'May',22,7,'Saturday',0),(20210523,'2021-05-23',2021,2,5,'May',23,1,'Sunday',0),(20210524,'2021-05-24',2021,2,5,'May',24,2,'Monday',0),(20210525,'2021-05-25',2021,2,5,'May',25,3,'Tuesday',0),(20210526,'2021-05-26',2021,2,5,'May',26,4,'Wednesday',0),(20210527,'2021-05-27',2021,2,5,'May',27,5,'Thursday',0),(20210528,'2021-05-28',2021,2,5,'May',28,6,'Friday',0),(20210529,'2021-05-29',2021,2,5,'May',29,7,'Saturday',0),(20210530,'2021-05-30',2021,2,5,'May',30,1,'Sunday',0),(20210531,'2021-05-31',2021,2,5,'May',31,2,'Monday',0),(20210601,'2021-06-01',2021,2,6,'June',1,3,'Tuesday',0),(20210602,'2021-06-02',2021,2,6,'June',2,4,'Wednesday',0),(20210603,'2021-06-03',2021,2,6,'June',3,5,'Thursday',0),(20210604,'2021-06-04',2021,2,6,'June',4,6,'Friday',0),(20210605,'2021-06-05',2021,2,6,'June',5,7,'Saturday',0),(20210606,'2021-06-06',2021,2,6,'June',6,1,'Sunday',0),(20210607,'2021-06-07',2021,2,6,'June',7,2,'Monday',0),(20210608,'2021-06-08',2021,2,6,'June',8,3,'Tuesday',0),(20210609,'2021-06-09',2021,2,6,'June',9,4,'Wednesday',0),(20210610,'2021-06-10',2021,2,6,'June',10,5,'Thursday',0),(20210611,'2021-06-11',2021,2,6,'June',11,6,'Friday',0),(20210612,'2021-06-12',2021,2,6,'June',12,7,'Saturday',0),(20210613,'2021-06-13',2021,2,6,'June',13,1,'Sunday',0),(20210614,'2021-06-14',2021,2,6,'June',14,2,'Monday',0),(20210615,'2021-06-15',2021,2,6,'June',15,3,'Tuesday',0),(20210616,'2021-06-16',2021,2,6,'June',16,4,'Wednesday',0),(20210617,'2021-06-17',2021,2,6,'June',17,5,'Thursday',0),(20210618,'2021-06-18',2021,2,6,'June',18,6,'Friday',0),(20210619,'2021-06-19',2021,2,6,'June',19,7,'Saturday',0),(20210620,'2021-06-20',2021,2,6,'June',20,1,'Sunday',0),(20210621,'2021-06-21',2021,2,6,'June',21,2,'Monday',0),(20210622,'2021-06-22',2021,2,6,'June',22,3,'Tuesday',0),(20210623,'2021-06-23',2021,2,6,'June',23,4,'Wednesday',0),(20210624,'2021-06-24',2021,2,6,'June',24,5,'Thursday',0),(20210625,'2021-06-25',2021,2,6,'June',25,6,'Friday',0),(20210626,'2021-06-26',2021,2,6,'June',26,7,'Saturday',0),(20210627,'2021-06-27',2021,2,6,'June',27,1,'Sunday',0),(20210628,'2021-06-28',2021,2,6,'June',28,2,'Monday',0),(20210629,'2021-06-29',2021,2,6,'June',29,3,'Tuesday',0),(20210630,'2021-06-30',2021,2,6,'June',30,4,'Wednesday',0),(20210701,'2021-07-01',2021,3,7,'July',1,5,'Thursday',0),(20210702,'2021-07-02',2021,3,7,'July',2,6,'Friday',0),(20210703,'2021-07-03',2021,3,7,'July',3,7,'Saturday',0),(20210704,'2021-07-04',2021,3,7,'July',4,1,'Sunday',1),(20210705,'2021-07-05',2021,3,7,'July',5,2,'Monday',0),(20210706,'2021-07-06',2021,3,7,'July',6,3,'Tuesday',0),(20210707,'2021-07-07',2021,3,7,'July',7,4,'Wednesday',0),(20210708,'2021-07-08',2021,3,7,'July',8,5,'Thursday',0),(20210709,'2021-07-09',2021,3,7,'July',9,6,'Friday',0),(20210710,'2021-07-10',2021,3,7,'July',10,7,'Saturday',0),(20210711,'2021-07-11',2021,3,7,'July',11,1,'Sunday',0),(20210712,'2021-07-12',2021,3,7,'July',12,2,'Monday',0),(20210713,'2021-07-13',2021,3,7,'July',13,3,'Tuesday',0),(20210714,'2021-07-14',2021,3,7,'July',14,4,'Wednesday',0),(20210715,'2021-07-15',2021,3,7,'July',15,5,'Thursday',0),(20210716,'2021-07-16',2021,3,7,'July',16,6,'Friday',0),(20210717,'2021-07-17',2021,3,7,'July',17,7,'Saturday',0),(20210718,'2021-07-18',2021,3,7,'July',18,1,'Sunday',0),(20210719,'2021-07-19',2021,3,7,'July',19,2,'Monday',0),(20210720,'2021-07-20',2021,3,7,'July',20,3,'Tuesday',0),(20210721,'2021-07-21',2021,3,7,'July',21,4,'Wednesday',0),(20210722,'2021-07-22',2021,3,7,'July',22,5,'Thursday',0),(20210723,'2021-07-23',2021,3,7,'July',23,6,'Friday',0),(20210724,'2021-07-24',2021,3,7,'July',24,7,'Saturday',0),(20210725,'2021-07-25',2021,3,7,'July',25,1,'Sunday',0),(20210726,'2021-07-26',2021,3,7,'July',26,2,'Monday',0),(20210727,'2021-07-27',2021,3,7,'July',27,3,'Tuesday',0),(20210728,'2021-07-28',2021,3,7,'July',28,4,'Wednesday',0),(20210729,'2021-07-29',2021,3,7,'July',29,5,'Thursday',0),(20210730,'2021-07-30',2021,3,7,'July',30,6,'Friday',0),(20210731,'2021-07-31',2021,3,7,'July',31,7,'Saturday',0),(20210801,'2021-08-01',2021,3,8,'August',1,1,'Sunday',0),(20210802,'2021-08-02',2021,3,8,'August',2,2,'Monday',0),(20210803,'2021-08-03',2021,3,8,'August',3,3,'Tuesday',0),(20210804,'2021-08-04',2021,3,8,'August',4,4,'Wednesday',0),(20210805,'2021-08-05',2021,3,8,'August',5,5,'Thursday',0),(20210806,'2021-08-06',2021,3,8,'August',6,6,'Friday',0),(20210807,'2021-08-07',2021,3,8,'August',7,7,'Saturday',0),(20210808,'2021-08-08',2021,3,8,'August',8,1,'Sunday',0),(20210809,'2021-08-09',2021,3,8,'August',9,2,'Monday',0),(20210810,'2021-08-10',2021,3,8,'August',10,3,'Tuesday',0),(20210811,'2021-08-11',2021,3,8,'August',11,4,'Wednesday',0),(20210812,'2021-08-12',2021,3,8,'August',12,5,'Thursday',0),(20210813,'2021-08-13',2021,3,8,'August',13,6,'Friday',0),(20210814,'2021-08-14',2021,3,8,'August',14,7,'Saturday',0),(20210815,'2021-08-15',2021,3,8,'August',15,1,'Sunday',0),(20210816,'2021-08-16',2021,3,8,'August',16,2,'Monday',0),(20210817,'2021-08-17',2021,3,8,'August',17,3,'Tuesday',0),(20210818,'2021-08-18',2021,3,8,'August',18,4,'Wednesday',0),(20210819,'2021-08-19',2021,3,8,'August',19,5,'Thursday',0),(20210820,'2021-08-20',2021,3,8,'August',20,6,'Friday',0),(20210821,'2021-08-21',2021,3,8,'August',21,7,'Saturday',0),(20210822,'2021-08-22',2021,3,8,'August',22,1,'Sunday',0),(20210823,'2021-08-23',2021,3,8,'August',23,2,'Monday',0),(20210824,'2021-08-24',2021,3,8,'August',24,3,'Tuesday',0),(20210825,'2021-08-25',2021,3,8,'August',25,4,'Wednesday',0),(20210826,'2021-08-26',2021,3,8,'August',26,5,'Thursday',0),(20210827,'2021-08-27',2021,3,8,'August',27,6,'Friday',0),(20210828,'2021-08-28',2021,3,8,'August',28,7,'Saturday',0),(20210829,'2021-08-29',2021,3,8,'August',29,1,'Sunday',0),(20210830,'2021-08-30',2021,3,8,'August',30,2,'Monday',0),(20210831,'2021-08-31',2021,3,8,'August',31,3,'Tuesday',0),(20210901,'2021-09-01',2021,3,9,'September',1,4,'Wednesday',0),(20210902,'2021-09-02',2021,3,9,'September',2,5,'Thursday',0),(20210903,'2021-09-03',2021,3,9,'September',3,6,'Friday',0),(20210904,'2021-09-04',2021,3,9,'September',4,7,'Saturday',0),(20210905,'2021-09-05',2021,3,9,'September',5,1,'Sunday',0),(20210906,'2021-09-06',2021,3,9,'September',6,2,'Monday',0),(20210907,'2021-09-07',2021,3,9,'September',7,3,'Tuesday',0),(20210908,'2021-09-08',2021,3,9,'September',8,4,'Wednesday',0),(20210909,'2021-09-09',2021,3,9,'September',9,5,'Thursday',0),(20210910,'2021-09-10',2021,3,9,'September',10,6,'Friday',0),(20210911,'2021-09-11',2021,3,9,'September',11,7,'Saturday',0),(20210912,'2021-09-12',2021,3,9,'September',12,1,'Sunday',0),(20210913,'2021-09-13',2021,3,9,'September',13,2,'Monday',0),(20210914,'2021-09-14',2021,3,9,'September',14,3,'Tuesday',0),(20210915,'2021-09-15',2021,3,9,'September',15,4,'Wednesday',0),(20210916,'2021-09-16',2021,3,9,'September',16,5,'Thursday',0),(20210917,'2021-09-17',2021,3,9,'September',17,6,'Friday',0),(20210918,'2021-09-18',2021,3,9,'September',18,7,'Saturday',0),(20210919,'2021-09-19',2021,3,9,'September',19,1,'Sunday',0),(20210920,'2021-09-20',2021,3,9,'September',20,2,'Monday',0),(20210921,'2021-09-21',2021,3,9,'September',21,3,'Tuesday',0),(20210922,'2021-09-22',2021,3,9,'September',22,4,'Wednesday',0),(20210923,'2021-09-23',2021,3,9,'September',23,5,'Thursday',0),(20210924,'2021-09-24',2021,3,9,'September',24,6,'Friday',0),(20210925,'2021-09-25',2021,3,9,'September',25,7,'Saturday',0),(20210926,'2021-09-26',2021,3,9,'September',26,1,'Sunday',0),(20210927,'2021-09-27',2021,3,9,'September',27,2,'Monday',0),(20210928,'2021-09-28',2021,3,9,'September',28,3,'Tuesday',0),(20210929,'2021-09-29',2021,3,9,'September',29,4,'Wednesday',0),(20210930,'2021-09-30',2021,3,9,'September',30,5,'Thursday',0),(20211001,'2021-10-01',2021,4,10,'October',1,6,'Friday',0),(20211002,'2021-10-02',2021,4,10,'October',2,7,'Saturday',0),(20211003,'2021-10-03',2021,4,10,'October',3,1,'Sunday',0),(20211004,'2021-10-04',2021,4,10,'October',4,2,'Monday',0),(20211005,'2021-10-05',2021,4,10,'October',5,3,'Tuesday',0),(20211006,'2021-10-06',2021,4,10,'October',6,4,'Wednesday',0),(20211007,'2021-10-07',2021,4,10,'October',7,5,'Thursday',0),(20211008,'2021-10-08',2021,4,10,'October',8,6,'Friday',0),(20211009,'2021-10-09',2021,4,10,'October',9,7,'Saturday',0),(20211010,'2021-10-10',2021,4,10,'October',10,1,'Sunday',0),(20211011,'2021-10-11',2021,4,10,'October',11,2,'Monday',0),(20211012,'2021-10-12',2021,4,10,'October',12,3,'Tuesday',0),(20211013,'2021-10-13',2021,4,10,'October',13,4,'Wednesday',0),(20211014,'2021-10-14',2021,4,10,'October',14,5,'Thursday',0),(20211015,'2021-10-15',2021,4,10,'October',15,6,'Friday',0),(20211016,'2021-10-16',2021,4,10,'October',16,7,'Saturday',0),(20211017,'2021-10-17',2021,4,10,'October',17,1,'Sunday',0),(20211018,'2021-10-18',2021,4,10,'October',18,2,'Monday',0),(20211019,'2021-10-19',2021,4,10,'October',19,3,'Tuesday',0),(20211020,'2021-10-20',2021,4,10,'October',20,4,'Wednesday',0),(20211021,'2021-10-21',2021,4,10,'October',21,5,'Thursday',0),(20211022,'2021-10-22',2021,4,10,'October',22,6,'Friday',0),(20211023,'2021-10-23',2021,4,10,'October',23,7,'Saturday',0),(20211024,'2021-10-24',2021,4,10,'October',24,1,'Sunday',0),(20211025,'2021-10-25',2021,4,10,'October',25,2,'Monday',0),(20211026,'2021-10-26',2021,4,10,'October',26,3,'Tuesday',0),(20211027,'2021-10-27',2021,4,10,'October',27,4,'Wednesday',0),(20211028,'2021-10-28',2021,4,10,'October',28,5,'Thursday',0),(20211029,'2021-10-29',2021,4,10,'October',29,6,'Friday',0),(20211030,'2021-10-30',2021,4,10,'October',30,7,'Saturday',0),(20211031,'2021-10-31',2021,4,10,'October',31,1,'Sunday',1),(20211101,'2021-11-01',2021,4,11,'November',1,2,'Monday',0),(20211102,'2021-11-02',2021,4,11,'November',2,3,'Tuesday',0),(20211103,'2021-11-03',2021,4,11,'November',3,4,'Wednesday',0),(20211104,'2021-11-04',2021,4,11,'November',4,5,'Thursday',0),(20211105,'2021-11-05',2021,4,11,'November',5,6,'Friday',0),(20211106,'2021-11-06',2021,4,11,'November',6,7,'Saturday',0),(20211107,'2021-11-07',2021,4,11,'November',7,1,'Sunday',0),(20211108,'2021-11-08',2021,4,11,'November',8,2,'Monday',0),(20211109,'2021-11-09',2021,4,11,'November',9,3,'Tuesday',0),(20211110,'2021-11-10',2021,4,11,'November',10,4,'Wednesday',0),(20211111,'2021-11-11',2021,4,11,'November',11,5,'Thursday',1),(20211112,'2021-11-12',2021,4,11,'November',12,6,'Friday',0),(20211113,'2021-11-13',2021,4,11,'November',13,7,'Saturday',0),(20211114,'2021-11-14',2021,4,11,'November',14,1,'Sunday',0),(20211115,'2021-11-15',2021,4,11,'November',15,2,'Monday',0),(20211116,'2021-11-16',2021,4,11,'November',16,3,'Tuesday',0),(20211117,'2021-11-17',2021,4,11,'November',17,4,'Wednesday',0),(20211118,'2021-11-18',2021,4,11,'November',18,5,'Thursday',0),(20211119,'2021-11-19',2021,4,11,'November',19,6,'Friday',0),(20211120,'2021-11-20',2021,4,11,'November',20,7,'Saturday',0),(20211121,'2021-11-21',2021,4,11,'November',21,1,'Sunday',0),(20211122,'2021-11-22',2021,4,11,'November',22,2,'Monday',0),(20211123,'2021-11-23',2021,4,11,'November',23,3,'Tuesday',0),(20211124,'2021-11-24',2021,4,11,'November',24,4,'Wednesday',0),(20211125,'2021-11-25',2021,4,11,'November',25,5,'Thursday',0),(20211126,'2021-11-26',2021,4,11,'November',26,6,'Friday',0),(20211127,'2021-11-27',2021,4,11,'November',27,7,'Saturday',0),(20211128,'2021-11-28',2021,4,11,'November',28,1,'Sunday',0),(20211129,'2021-11-29',2021,4,11,'November',29,2,'Monday',0),(20211130,'2021-11-30',2021,4,11,'November',30,3,'Tuesday',0),(20211201,'2021-12-01',2021,4,12,'December',1,4,'Wednesday',0),(20211202,'2021-12-02',2021,4,12,'December',2,5,'Thursday',0),(20211203,'2021-12-03',2021,4,12,'December',3,6,'Friday',0),(20211204,'2021-12-04',2021,4,12,'December',4,7,'Saturday',0),(20211205,'2021-12-05',2021,4,12,'December',5,1,'Sunday',0),(20211206,'2021-12-06',2021,4,12,'December',6,2,'Monday',0),(20211207,'2021-12-07',2021,4,12,'December',7,3,'Tuesday',0),(20211208,'2021-12-08',2021,4,12,'December',8,4,'Wednesday',0),(20211209,'2021-12-09',2021,4,12,'December',9,5,'Thursday',0),(20211210,'2021-12-10',2021,4,12,'December',10,6,'Friday',0),(20211211,'2021-12-11',2021,4,12,'December',11,7,'Saturday',0),(20211212,'2021-12-12',2021,4,12,'December',12,1,'Sunday',0),(20211213,'2021-12-13',2021,4,12,'December',13,2,'Monday',0),(20211214,'2021-12-14',2021,4,12,'December',14,3,'Tuesday',0),(20211215,'2021-12-15',2021,4,12,'December',15,4,'Wednesday',0),(20211216,'2021-12-16',2021,4,12,'December',16,5,'Thursday',0),(20211217,'2021-12-17',2021,4,12,'December',17,6,'Friday',0),(20211218,'2021-12-18',2021,4,12,'December',18,7,'Saturday',0),(20211219,'2021-12-19',2021,4,12,'December',19,1,'Sunday',0),(20211220,'2021-12-20',2021,4,12,'December',20,2,'Monday',0),(20211221,'2021-12-21',2021,4,12,'December',21,3,'Tuesday',0),(20211222,'2021-12-22',2021,4,12,'December',22,4,'Wednesday',0),(20211223,'2021-12-23',2021,4,12,'December',23,5,'Thursday',0),(20211224,'2021-12-24',2021,4,12,'December',24,6,'Friday',0),(20211225,'2021-12-25',2021,4,12,'December',25,7,'Saturday',1),(20211226,'2021-12-26',2021,4,12,'December',26,1,'Sunday',0),(20211227,'2021-12-27',2021,4,12,'December',27,2,'Monday',0),(20211228,'2021-12-28',2021,4,12,'December',28,3,'Tuesday',0),(20211229,'2021-12-29',2021,4,12,'December',29,4,'Wednesday',0),(20211230,'2021-12-30',2021,4,12,'December',30,5,'Thursday',0),(20211231,'2021-12-31',2021,4,12,'December',31,6,'Friday',0),(20220101,'2022-01-01',2022,1,1,'January',1,7,'Saturday',1),(20220102,'2022-01-02',2022,1,1,'January',2,1,'Sunday',0),(20220103,'2022-01-03',2022,1,1,'January',3,2,'Monday',0),(20220104,'2022-01-04',2022,1,1,'January',4,3,'Tuesday',0),(20220105,'2022-01-05',2022,1,1,'January',5,4,'Wednesday',0),(20220106,'2022-01-06',2022,1,1,'January',6,5,'Thursday',0),(20220107,'2022-01-07',2022,1,1,'January',7,6,'Friday',0),(20220108,'2022-01-08',2022,1,1,'January',8,7,'Saturday',0),(20220109,'2022-01-09',2022,1,1,'January',9,1,'Sunday',0),(20220110,'2022-01-10',2022,1,1,'January',10,2,'Monday',0),(20220111,'2022-01-11',2022,1,1,'January',11,3,'Tuesday',0),(20220112,'2022-01-12',2022,1,1,'January',12,4,'Wednesday',0),(20220113,'2022-01-13',2022,1,1,'January',13,5,'Thursday',0),(20220114,'2022-01-14',2022,1,1,'January',14,6,'Friday',0),(20220115,'2022-01-15',2022,1,1,'January',15,7,'Saturday',0),(20220116,'2022-01-16',2022,1,1,'January',16,1,'Sunday',0),(20220117,'2022-01-17',2022,1,1,'January',17,2,'Monday',0),(20220118,'2022-01-18',2022,1,1,'January',18,3,'Tuesday',0),(20220119,'2022-01-19',2022,1,1,'January',19,4,'Wednesday',0),(20220120,'2022-01-20',2022,1,1,'January',20,5,'Thursday',0),(20220121,'2022-01-21',2022,1,1,'January',21,6,'Friday',0),(20220122,'2022-01-22',2022,1,1,'January',22,7,'Saturday',0),(20220123,'2022-01-23',2022,1,1,'January',23,1,'Sunday',0),(20220124,'2022-01-24',2022,1,1,'January',24,2,'Monday',0),(20220125,'2022-01-25',2022,1,1,'January',25,3,'Tuesday',0),(20220126,'2022-01-26',2022,1,1,'January',26,4,'Wednesday',0),(20220127,'2022-01-27',2022,1,1,'January',27,5,'Thursday',0),(20220128,'2022-01-28',2022,1,1,'January',28,6,'Friday',0),(20220129,'2022-01-29',2022,1,1,'January',29,7,'Saturday',0),(20220130,'2022-01-30',2022,1,1,'January',30,1,'Sunday',0),(20220131,'2022-01-31',2022,1,1,'January',31,2,'Monday',0),(20220201,'2022-02-01',2022,1,2,'February',1,3,'Tuesday',0),(20220202,'2022-02-02',2022,1,2,'February',2,4,'Wednesday',0),(20220203,'2022-02-03',2022,1,2,'February',3,5,'Thursday',0),(20220204,'2022-02-04',2022,1,2,'February',4,6,'Friday',0),(20220205,'2022-02-05',2022,1,2,'February',5,7,'Saturday',0),(20220206,'2022-02-06',2022,1,2,'February',6,1,'Sunday',0),(20220207,'2022-02-07',2022,1,2,'February',7,2,'Monday',0),(20220208,'2022-02-08',2022,1,2,'February',8,3,'Tuesday',0),(20220209,'2022-02-09',2022,1,2,'February',9,4,'Wednesday',0),(20220210,'2022-02-10',2022,1,2,'February',10,5,'Thursday',0),(20220211,'2022-02-11',2022,1,2,'February',11,6,'Friday',0),(20220212,'2022-02-12',2022,1,2,'February',12,7,'Saturday',0),(20220213,'2022-02-13',2022,1,2,'February',13,1,'Sunday',0),(20220214,'2022-02-14',2022,1,2,'February',14,2,'Monday',1),(20220215,'2022-02-15',2022,1,2,'February',15,3,'Tuesday',0),(20220216,'2022-02-16',2022,1,2,'February',16,4,'Wednesday',0),(20220217,'2022-02-17',2022,1,2,'February',17,5,'Thursday',0),(20220218,'2022-02-18',2022,1,2,'February',18,6,'Friday',0),(20220219,'2022-02-19',2022,1,2,'February',19,7,'Saturday',0),(20220220,'2022-02-20',2022,1,2,'February',20,1,'Sunday',0),(20220221,'2022-02-21',2022,1,2,'February',21,2,'Monday',0),(20220222,'2022-02-22',2022,1,2,'February',22,3,'Tuesday',0),(20220223,'2022-02-23',2022,1,2,'February',23,4,'Wednesday',0),(20220224,'2022-02-24',2022,1,2,'February',24,5,'Thursday',0),(20220225,'2022-02-25',2022,1,2,'February',25,6,'Friday',0),(20220226,'2022-02-26',2022,1,2,'February',26,7,'Saturday',0),(20220227,'2022-02-27',2022,1,2,'February',27,1,'Sunday',0),(20220228,'2022-02-28',2022,1,2,'February',28,2,'Monday',0),(20220301,'2022-03-01',2022,1,3,'March',1,3,'Tuesday',0),(20220302,'2022-03-02',2022,1,3,'March',2,4,'Wednesday',0),(20220303,'2022-03-03',2022,1,3,'March',3,5,'Thursday',0),(20220304,'2022-03-04',2022,1,3,'March',4,6,'Friday',0),(20220305,'2022-03-05',2022,1,3,'March',5,7,'Saturday',0),(20220306,'2022-03-06',2022,1,3,'March',6,1,'Sunday',0),(20220307,'2022-03-07',2022,1,3,'March',7,2,'Monday',0),(20220308,'2022-03-08',2022,1,3,'March',8,3,'Tuesday',0),(20220309,'2022-03-09',2022,1,3,'March',9,4,'Wednesday',0),(20220310,'2022-03-10',2022,1,3,'March',10,5,'Thursday',0),(20220311,'2022-03-11',2022,1,3,'March',11,6,'Friday',0),(20220312,'2022-03-12',2022,1,3,'March',12,7,'Saturday',0),(20220313,'2022-03-13',2022,1,3,'March',13,1,'Sunday',0),(20220314,'2022-03-14',2022,1,3,'March',14,2,'Monday',0),(20220315,'2022-03-15',2022,1,3,'March',15,3,'Tuesday',0),(20220316,'2022-03-16',2022,1,3,'March',16,4,'Wednesday',0),(20220317,'2022-03-17',2022,1,3,'March',17,5,'Thursday',1),(20220318,'2022-03-18',2022,1,3,'March',18,6,'Friday',0),(20220319,'2022-03-19',2022,1,3,'March',19,7,'Saturday',0),(20220320,'2022-03-20',2022,1,3,'March',20,1,'Sunday',0),(20220321,'2022-03-21',2022,1,3,'March',21,2,'Monday',0),(20220322,'2022-03-22',2022,1,3,'March',22,3,'Tuesday',0),(20220323,'2022-03-23',2022,1,3,'March',23,4,'Wednesday',0),(20220324,'2022-03-24',2022,1,3,'March',24,5,'Thursday',0),(20220325,'2022-03-25',2022,1,3,'March',25,6,'Friday',0),(20220326,'2022-03-26',2022,1,3,'March',26,7,'Saturday',0),(20220327,'2022-03-27',2022,1,3,'March',27,1,'Sunday',0),(20220328,'2022-03-28',2022,1,3,'March',28,2,'Monday',0),(20220329,'2022-03-29',2022,1,3,'March',29,3,'Tuesday',0),(20220330,'2022-03-30',2022,1,3,'March',30,4,'Wednesday',0),(20220331,'2022-03-31',2022,1,3,'March',31,5,'Thursday',0),(20220401,'2022-04-01',2022,2,4,'April',1,6,'Friday',0),(20220402,'2022-04-02',2022,2,4,'April',2,7,'Saturday',0),(20220403,'2022-04-03',2022,2,4,'April',3,1,'Sunday',0),(20220404,'2022-04-04',2022,2,4,'April',4,2,'Monday',0),(20220405,'2022-04-05',2022,2,4,'April',5,3,'Tuesday',0),(20220406,'2022-04-06',2022,2,4,'April',6,4,'Wednesday',0),(20220407,'2022-04-07',2022,2,4,'April',7,5,'Thursday',0),(20220408,'2022-04-08',2022,2,4,'April',8,6,'Friday',0),(20220409,'2022-04-09',2022,2,4,'April',9,7,'Saturday',0),(20220410,'2022-04-10',2022,2,4,'April',10,1,'Sunday',0),(20220411,'2022-04-11',2022,2,4,'April',11,2,'Monday',0),(20220412,'2022-04-12',2022,2,4,'April',12,3,'Tuesday',0),(20220413,'2022-04-13',2022,2,4,'April',13,4,'Wednesday',0),(20220414,'2022-04-14',2022,2,4,'April',14,5,'Thursday',0),(20220415,'2022-04-15',2022,2,4,'April',15,6,'Friday',0),(20220416,'2022-04-16',2022,2,4,'April',16,7,'Saturday',0),(20220417,'2022-04-17',2022,2,4,'April',17,1,'Sunday',0),(20220418,'2022-04-18',2022,2,4,'April',18,2,'Monday',0),(20220419,'2022-04-19',2022,2,4,'April',19,3,'Tuesday',0),(20220420,'2022-04-20',2022,2,4,'April',20,4,'Wednesday',0),(20220421,'2022-04-21',2022,2,4,'April',21,5,'Thursday',0),(20220422,'2022-04-22',2022,2,4,'April',22,6,'Friday',0),(20220423,'2022-04-23',2022,2,4,'April',23,7,'Saturday',0),(20220424,'2022-04-24',2022,2,4,'April',24,1,'Sunday',0),(20220425,'2022-04-25',2022,2,4,'April',25,2,'Monday',0),(20220426,'2022-04-26',2022,2,4,'April',26,3,'Tuesday',0),(20220427,'2022-04-27',2022,2,4,'April',27,4,'Wednesday',0),(20220428,'2022-04-28',2022,2,4,'April',28,5,'Thursday',0),(20220429,'2022-04-29',2022,2,4,'April',29,6,'Friday',0),(20220430,'2022-04-30',2022,2,4,'April',30,7,'Saturday',0),(20220501,'2022-05-01',2022,2,5,'May',1,1,'Sunday',0),(20220502,'2022-05-02',2022,2,5,'May',2,2,'Monday',0),(20220503,'2022-05-03',2022,2,5,'May',3,3,'Tuesday',0),(20220504,'2022-05-04',2022,2,5,'May',4,4,'Wednesday',0),(20220505,'2022-05-05',2022,2,5,'May',5,5,'Thursday',0),(20220506,'2022-05-06',2022,2,5,'May',6,6,'Friday',0),(20220507,'2022-05-07',2022,2,5,'May',7,7,'Saturday',0),(20220508,'2022-05-08',2022,2,5,'May',8,1,'Sunday',0),(20220509,'2022-05-09',2022,2,5,'May',9,2,'Monday',0),(20220510,'2022-05-10',2022,2,5,'May',10,3,'Tuesday',0),(20220511,'2022-05-11',2022,2,5,'May',11,4,'Wednesday',0),(20220512,'2022-05-12',2022,2,5,'May',12,5,'Thursday',0),(20220513,'2022-05-13',2022,2,5,'May',13,6,'Friday',0),(20220514,'2022-05-14',2022,2,5,'May',14,7,'Saturday',0),(20220515,'2022-05-15',2022,2,5,'May',15,1,'Sunday',0),(20220516,'2022-05-16',2022,2,5,'May',16,2,'Monday',0),(20220517,'2022-05-17',2022,2,5,'May',17,3,'Tuesday',0),(20220518,'2022-05-18',2022,2,5,'May',18,4,'Wednesday',0),(20220519,'2022-05-19',2022,2,5,'May',19,5,'Thursday',0),(20220520,'2022-05-20',2022,2,5,'May',20,6,'Friday',0),(20220521,'2022-05-21',2022,2,5,'May',21,7,'Saturday',0),(20220522,'2022-05-22',2022,2,5,'May',22,1,'Sunday',0),(20220523,'2022-05-23',2022,2,5,'May',23,2,'Monday',0),(20220524,'2022-05-24',2022,2,5,'May',24,3,'Tuesday',0),(20220525,'2022-05-25',2022,2,5,'May',25,4,'Wednesday',0),(20220526,'2022-05-26',2022,2,5,'May',26,5,'Thursday',0),(20220527,'2022-05-27',2022,2,5,'May',27,6,'Friday',0),(20220528,'2022-05-28',2022,2,5,'May',28,7,'Saturday',0),(20220529,'2022-05-29',2022,2,5,'May',29,1,'Sunday',0),(20220530,'2022-05-30',2022,2,5,'May',30,2,'Monday',0),(20220531,'2022-05-31',2022,2,5,'May',31,3,'Tuesday',0),(20220601,'2022-06-01',2022,2,6,'June',1,4,'Wednesday',0),(20220602,'2022-06-02',2022,2,6,'June',2,5,'Thursday',0),(20220603,'2022-06-03',2022,2,6,'June',3,6,'Friday',0),(20220604,'2022-06-04',2022,2,6,'June',4,7,'Saturday',0),(20220605,'2022-06-05',2022,2,6,'June',5,1,'Sunday',0),(20220606,'2022-06-06',2022,2,6,'June',6,2,'Monday',0),(20220607,'2022-06-07',2022,2,6,'June',7,3,'Tuesday',0),(20220608,'2022-06-08',2022,2,6,'June',8,4,'Wednesday',0),(20220609,'2022-06-09',2022,2,6,'June',9,5,'Thursday',0),(20220610,'2022-06-10',2022,2,6,'June',10,6,'Friday',0),(20220611,'2022-06-11',2022,2,6,'June',11,7,'Saturday',0),(20220612,'2022-06-12',2022,2,6,'June',12,1,'Sunday',0),(20220613,'2022-06-13',2022,2,6,'June',13,2,'Monday',0),(20220614,'2022-06-14',2022,2,6,'June',14,3,'Tuesday',0),(20220615,'2022-06-15',2022,2,6,'June',15,4,'Wednesday',0),(20220616,'2022-06-16',2022,2,6,'June',16,5,'Thursday',0),(20220617,'2022-06-17',2022,2,6,'June',17,6,'Friday',0),(20220618,'2022-06-18',2022,2,6,'June',18,7,'Saturday',0),(20220619,'2022-06-19',2022,2,6,'June',19,1,'Sunday',0),(20220620,'2022-06-20',2022,2,6,'June',20,2,'Monday',0),(20220621,'2022-06-21',2022,2,6,'June',21,3,'Tuesday',0),(20220622,'2022-06-22',2022,2,6,'June',22,4,'Wednesday',0),(20220623,'2022-06-23',2022,2,6,'June',23,5,'Thursday',0),(20220624,'2022-06-24',2022,2,6,'June',24,6,'Friday',0),(20220625,'2022-06-25',2022,2,6,'June',25,7,'Saturday',0),(20220626,'2022-06-26',2022,2,6,'June',26,1,'Sunday',0),(20220627,'2022-06-27',2022,2,6,'June',27,2,'Monday',0),(20220628,'2022-06-28',2022,2,6,'June',28,3,'Tuesday',0),(20220629,'2022-06-29',2022,2,6,'June',29,4,'Wednesday',0),(20220630,'2022-06-30',2022,2,6,'June',30,5,'Thursday',0),(20220701,'2022-07-01',2022,3,7,'July',1,6,'Friday',0),(20220702,'2022-07-02',2022,3,7,'July',2,7,'Saturday',0),(20220703,'2022-07-03',2022,3,7,'July',3,1,'Sunday',0),(20220704,'2022-07-04',2022,3,7,'July',4,2,'Monday',1),(20220705,'2022-07-05',2022,3,7,'July',5,3,'Tuesday',0),(20220706,'2022-07-06',2022,3,7,'July',6,4,'Wednesday',0),(20220707,'2022-07-07',2022,3,7,'July',7,5,'Thursday',0),(20220708,'2022-07-08',2022,3,7,'July',8,6,'Friday',0),(20220709,'2022-07-09',2022,3,7,'July',9,7,'Saturday',0),(20220710,'2022-07-10',2022,3,7,'July',10,1,'Sunday',0),(20220711,'2022-07-11',2022,3,7,'July',11,2,'Monday',0),(20220712,'2022-07-12',2022,3,7,'July',12,3,'Tuesday',0),(20220713,'2022-07-13',2022,3,7,'July',13,4,'Wednesday',0),(20220714,'2022-07-14',2022,3,7,'July',14,5,'Thursday',0),(20220715,'2022-07-15',2022,3,7,'July',15,6,'Friday',0),(20220716,'2022-07-16',2022,3,7,'July',16,7,'Saturday',0),(20220717,'2022-07-17',2022,3,7,'July',17,1,'Sunday',0),(20220718,'2022-07-18',2022,3,7,'July',18,2,'Monday',0),(20220719,'2022-07-19',2022,3,7,'July',19,3,'Tuesday',0),(20220720,'2022-07-20',2022,3,7,'July',20,4,'Wednesday',0),(20220721,'2022-07-21',2022,3,7,'July',21,5,'Thursday',0),(20220722,'2022-07-22',2022,3,7,'July',22,6,'Friday',0),(20220723,'2022-07-23',2022,3,7,'July',23,7,'Saturday',0),(20220724,'2022-07-24',2022,3,7,'July',24,1,'Sunday',0),(20220725,'2022-07-25',2022,3,7,'July',25,2,'Monday',0),(20220726,'2022-07-26',2022,3,7,'July',26,3,'Tuesday',0),(20220727,'2022-07-27',2022,3,7,'July',27,4,'Wednesday',0),(20220728,'2022-07-28',2022,3,7,'July',28,5,'Thursday',0),(20220729,'2022-07-29',2022,3,7,'July',29,6,'Friday',0),(20220730,'2022-07-30',2022,3,7,'July',30,7,'Saturday',0),(20220731,'2022-07-31',2022,3,7,'July',31,1,'Sunday',0),(20220801,'2022-08-01',2022,3,8,'August',1,2,'Monday',0),(20220802,'2022-08-02',2022,3,8,'August',2,3,'Tuesday',0),(20220803,'2022-08-03',2022,3,8,'August',3,4,'Wednesday',0),(20220804,'2022-08-04',2022,3,8,'August',4,5,'Thursday',0),(20220805,'2022-08-05',2022,3,8,'August',5,6,'Friday',0),(20220806,'2022-08-06',2022,3,8,'August',6,7,'Saturday',0),(20220807,'2022-08-07',2022,3,8,'August',7,1,'Sunday',0),(20220808,'2022-08-08',2022,3,8,'August',8,2,'Monday',0),(20220809,'2022-08-09',2022,3,8,'August',9,3,'Tuesday',0),(20220810,'2022-08-10',2022,3,8,'August',10,4,'Wednesday',0),(20220811,'2022-08-11',2022,3,8,'August',11,5,'Thursday',0),(20220812,'2022-08-12',2022,3,8,'August',12,6,'Friday',0),(20220813,'2022-08-13',2022,3,8,'August',13,7,'Saturday',0),(20220814,'2022-08-14',2022,3,8,'August',14,1,'Sunday',0),(20220815,'2022-08-15',2022,3,8,'August',15,2,'Monday',0),(20220816,'2022-08-16',2022,3,8,'August',16,3,'Tuesday',0),(20220817,'2022-08-17',2022,3,8,'August',17,4,'Wednesday',0),(20220818,'2022-08-18',2022,3,8,'August',18,5,'Thursday',0),(20220819,'2022-08-19',2022,3,8,'August',19,6,'Friday',0),(20220820,'2022-08-20',2022,3,8,'August',20,7,'Saturday',0),(20220821,'2022-08-21',2022,3,8,'August',21,1,'Sunday',0),(20220822,'2022-08-22',2022,3,8,'August',22,2,'Monday',0),(20220823,'2022-08-23',2022,3,8,'August',23,3,'Tuesday',0),(20220824,'2022-08-24',2022,3,8,'August',24,4,'Wednesday',0),(20220825,'2022-08-25',2022,3,8,'August',25,5,'Thursday',0),(20220826,'2022-08-26',2022,3,8,'August',26,6,'Friday',0),(20220827,'2022-08-27',2022,3,8,'August',27,7,'Saturday',0),(20220828,'2022-08-28',2022,3,8,'August',28,1,'Sunday',0),(20220829,'2022-08-29',2022,3,8,'August',29,2,'Monday',0),(20220830,'2022-08-30',2022,3,8,'August',30,3,'Tuesday',0),(20220831,'2022-08-31',2022,3,8,'August',31,4,'Wednesday',0),(20220901,'2022-09-01',2022,3,9,'September',1,5,'Thursday',0),(20220902,'2022-09-02',2022,3,9,'September',2,6,'Friday',0),(20220903,'2022-09-03',2022,3,9,'September',3,7,'Saturday',0),(20220904,'2022-09-04',2022,3,9,'September',4,1,'Sunday',0),(20220905,'2022-09-05',2022,3,9,'September',5,2,'Monday',0),(20220906,'2022-09-06',2022,3,9,'September',6,3,'Tuesday',0),(20220907,'2022-09-07',2022,3,9,'September',7,4,'Wednesday',0),(20220908,'2022-09-08',2022,3,9,'September',8,5,'Thursday',0),(20220909,'2022-09-09',2022,3,9,'September',9,6,'Friday',0),(20220910,'2022-09-10',2022,3,9,'September',10,7,'Saturday',0),(20220911,'2022-09-11',2022,3,9,'September',11,1,'Sunday',0),(20220912,'2022-09-12',2022,3,9,'September',12,2,'Monday',0),(20220913,'2022-09-13',2022,3,9,'September',13,3,'Tuesday',0),(20220914,'2022-09-14',2022,3,9,'September',14,4,'Wednesday',0),(20220915,'2022-09-15',2022,3,9,'September',15,5,'Thursday',0),(20220916,'2022-09-16',2022,3,9,'September',16,6,'Friday',0),(20220917,'2022-09-17',2022,3,9,'September',17,7,'Saturday',0),(20220918,'2022-09-18',2022,3,9,'September',18,1,'Sunday',0),(20220919,'2022-09-19',2022,3,9,'September',19,2,'Monday',0),(20220920,'2022-09-20',2022,3,9,'September',20,3,'Tuesday',0),(20220921,'2022-09-21',2022,3,9,'September',21,4,'Wednesday',0),(20220922,'2022-09-22',2022,3,9,'September',22,5,'Thursday',0),(20220923,'2022-09-23',2022,3,9,'September',23,6,'Friday',0),(20220924,'2022-09-24',2022,3,9,'September',24,7,'Saturday',0),(20220925,'2022-09-25',2022,3,9,'September',25,1,'Sunday',0),(20220926,'2022-09-26',2022,3,9,'September',26,2,'Monday',0),(20220927,'2022-09-27',2022,3,9,'September',27,3,'Tuesday',0),(20220928,'2022-09-28',2022,3,9,'September',28,4,'Wednesday',0),(20220929,'2022-09-29',2022,3,9,'September',29,5,'Thursday',0),(20220930,'2022-09-30',2022,3,9,'September',30,6,'Friday',0),(20221001,'2022-10-01',2022,4,10,'October',1,7,'Saturday',0),(20221002,'2022-10-02',2022,4,10,'October',2,1,'Sunday',0),(20221003,'2022-10-03',2022,4,10,'October',3,2,'Monday',0),(20221004,'2022-10-04',2022,4,10,'October',4,3,'Tuesday',0),(20221005,'2022-10-05',2022,4,10,'October',5,4,'Wednesday',0),(20221006,'2022-10-06',2022,4,10,'October',6,5,'Thursday',0),(20221007,'2022-10-07',2022,4,10,'October',7,6,'Friday',0),(20221008,'2022-10-08',2022,4,10,'October',8,7,'Saturday',0),(20221009,'2022-10-09',2022,4,10,'October',9,1,'Sunday',0),(20221010,'2022-10-10',2022,4,10,'October',10,2,'Monday',0),(20221011,'2022-10-11',2022,4,10,'October',11,3,'Tuesday',0),(20221012,'2022-10-12',2022,4,10,'October',12,4,'Wednesday',0),(20221013,'2022-10-13',2022,4,10,'October',13,5,'Thursday',0),(20221014,'2022-10-14',2022,4,10,'October',14,6,'Friday',0),(20221015,'2022-10-15',2022,4,10,'October',15,7,'Saturday',0),(20221016,'2022-10-16',2022,4,10,'October',16,1,'Sunday',0),(20221017,'2022-10-17',2022,4,10,'October',17,2,'Monday',0),(20221018,'2022-10-18',2022,4,10,'October',18,3,'Tuesday',0),(20221019,'2022-10-19',2022,4,10,'October',19,4,'Wednesday',1),(20221020,'2022-10-20',2022,4,10,'October',20,5,'Thursday',1),(20221021,'2022-10-21',2022,4,10,'October',21,6,'Friday',1),(20221022,'2022-10-22',2022,4,10,'October',22,7,'Saturday',0),(20221023,'2022-10-23',2022,4,10,'October',23,1,'Sunday',0),(20221024,'2022-10-24',2022,4,10,'October',24,2,'Monday',0),(20221025,'2022-10-25',2022,4,10,'October',25,3,'Tuesday',0),(20221026,'2022-10-26',2022,4,10,'October',26,4,'Wednesday',0),(20221027,'2022-10-27',2022,4,10,'October',27,5,'Thursday',0),(20221028,'2022-10-28',2022,4,10,'October',28,6,'Friday',0),(20221029,'2022-10-29',2022,4,10,'October',29,7,'Saturday',0),(20221030,'2022-10-30',2022,4,10,'October',30,1,'Sunday',0),(20221031,'2022-10-31',2022,4,10,'October',31,2,'Monday',1),(20221101,'2022-11-01',2022,4,11,'November',1,3,'Tuesday',0),(20221102,'2022-11-02',2022,4,11,'November',2,4,'Wednesday',0),(20221103,'2022-11-03',2022,4,11,'November',3,5,'Thursday',0),(20221104,'2022-11-04',2022,4,11,'November',4,6,'Friday',0),(20221105,'2022-11-05',2022,4,11,'November',5,7,'Saturday',0),(20221106,'2022-11-06',2022,4,11,'November',6,1,'Sunday',0),(20221107,'2022-11-07',2022,4,11,'November',7,2,'Monday',0),(20221108,'2022-11-08',2022,4,11,'November',8,3,'Tuesday',0),(20221109,'2022-11-09',2022,4,11,'November',9,4,'Wednesday',0),(20221110,'2022-11-10',2022,4,11,'November',10,5,'Thursday',0),(20221111,'2022-11-11',2022,4,11,'November',11,6,'Friday',1),(20221112,'2022-11-12',2022,4,11,'November',12,7,'Saturday',0),(20221113,'2022-11-13',2022,4,11,'November',13,1,'Sunday',0),(20221114,'2022-11-14',2022,4,11,'November',14,2,'Monday',0),(20221115,'2022-11-15',2022,4,11,'November',15,3,'Tuesday',0),(20221116,'2022-11-16',2022,4,11,'November',16,4,'Wednesday',0),(20221117,'2022-11-17',2022,4,11,'November',17,5,'Thursday',0),(20221118,'2022-11-18',2022,4,11,'November',18,6,'Friday',0),(20221119,'2022-11-19',2022,4,11,'November',19,7,'Saturday',0),(20221120,'2022-11-20',2022,4,11,'November',20,1,'Sunday',0),(20221121,'2022-11-21',2022,4,11,'November',21,2,'Monday',0),(20221122,'2022-11-22',2022,4,11,'November',22,3,'Tuesday',0),(20221123,'2022-11-23',2022,4,11,'November',23,4,'Wednesday',0),(20221124,'2022-11-24',2022,4,11,'November',24,5,'Thursday',0),(20221125,'2022-11-25',2022,4,11,'November',25,6,'Friday',0),(20221126,'2022-11-26',2022,4,11,'November',26,7,'Saturday',0),(20221127,'2022-11-27',2022,4,11,'November',27,1,'Sunday',0),(20221128,'2022-11-28',2022,4,11,'November',28,2,'Monday',0),(20221129,'2022-11-29',2022,4,11,'November',29,3,'Tuesday',0),(20221130,'2022-11-30',2022,4,11,'November',30,4,'Wednesday',0),(20221201,'2022-12-01',2022,4,12,'December',1,5,'Thursday',0),(20221202,'2022-12-02',2022,4,12,'December',2,6,'Friday',0),(20221203,'2022-12-03',2022,4,12,'December',3,7,'Saturday',0),(20221204,'2022-12-04',2022,4,12,'December',4,1,'Sunday',0),(20221205,'2022-12-05',2022,4,12,'December',5,2,'Monday',0),(20221206,'2022-12-06',2022,4,12,'December',6,3,'Tuesday',0),(20221207,'2022-12-07',2022,4,12,'December',7,4,'Wednesday',0),(20221208,'2022-12-08',2022,4,12,'December',8,5,'Thursday',0),(20221209,'2022-12-09',2022,4,12,'December',9,6,'Friday',0),(20221210,'2022-12-10',2022,4,12,'December',10,7,'Saturday',0),(20221211,'2022-12-11',2022,4,12,'December',11,1,'Sunday',0),(20221212,'2022-12-12',2022,4,12,'December',12,2,'Monday',0),(20221213,'2022-12-13',2022,4,12,'December',13,3,'Tuesday',0),(20221214,'2022-12-14',2022,4,12,'December',14,4,'Wednesday',0),(20221215,'2022-12-15',2022,4,12,'December',15,5,'Thursday',0),(20221216,'2022-12-16',2022,4,12,'December',16,6,'Friday',0),(20221217,'2022-12-17',2022,4,12,'December',17,7,'Saturday',0),(20221218,'2022-12-18',2022,4,12,'December',18,1,'Sunday',0),(20221219,'2022-12-19',2022,4,12,'December',19,2,'Monday',0),(20221220,'2022-12-20',2022,4,12,'December',20,3,'Tuesday',0),(20221221,'2022-12-21',2022,4,12,'December',21,4,'Wednesday',0),(20221222,'2022-12-22',2022,4,12,'December',22,5,'Thursday',0),(20221223,'2022-12-23',2022,4,12,'December',23,6,'Friday',0),(20221224,'2022-12-24',2022,4,12,'December',24,7,'Saturday',0),(20221225,'2022-12-25',2022,4,12,'December',25,1,'Sunday',1),(20221226,'2022-12-26',2022,4,12,'December',26,2,'Monday',0),(20221227,'2022-12-27',2022,4,12,'December',27,3,'Tuesday',0),(20221228,'2022-12-28',2022,4,12,'December',28,4,'Wednesday',0),(20221229,'2022-12-29',2022,4,12,'December',29,5,'Thursday',0),(20221230,'2022-12-30',2022,4,12,'December',30,6,'Friday',0),(20221231,'2022-12-31',2022,4,12,'December',31,7,'Saturday',0),(20230101,'2023-01-01',2023,1,1,'January',1,1,'Sunday',1),(20230102,'2023-01-02',2023,1,1,'January',2,2,'Monday',0),(20230103,'2023-01-03',2023,1,1,'January',3,3,'Tuesday',0),(20230104,'2023-01-04',2023,1,1,'January',4,4,'Wednesday',0),(20230105,'2023-01-05',2023,1,1,'January',5,5,'Thursday',0),(20230106,'2023-01-06',2023,1,1,'January',6,6,'Friday',0),(20230107,'2023-01-07',2023,1,1,'January',7,7,'Saturday',0),(20230108,'2023-01-08',2023,1,1,'January',8,1,'Sunday',0),(20230109,'2023-01-09',2023,1,1,'January',9,2,'Monday',0),(20230110,'2023-01-10',2023,1,1,'January',10,3,'Tuesday',0),(20230111,'2023-01-11',2023,1,1,'January',11,4,'Wednesday',0),(20230112,'2023-01-12',2023,1,1,'January',12,5,'Thursday',0),(20230113,'2023-01-13',2023,1,1,'January',13,6,'Friday',0),(20230114,'2023-01-14',2023,1,1,'January',14,7,'Saturday',0),(20230115,'2023-01-15',2023,1,1,'January',15,1,'Sunday',0),(20230116,'2023-01-16',2023,1,1,'January',16,2,'Monday',0),(20230117,'2023-01-17',2023,1,1,'January',17,3,'Tuesday',0),(20230118,'2023-01-18',2023,1,1,'January',18,4,'Wednesday',0),(20230119,'2023-01-19',2023,1,1,'January',19,5,'Thursday',0),(20230120,'2023-01-20',2023,1,1,'January',20,6,'Friday',0),(20230121,'2023-01-21',2023,1,1,'January',21,7,'Saturday',0),(20230122,'2023-01-22',2023,1,1,'January',22,1,'Sunday',0),(20230123,'2023-01-23',2023,1,1,'January',23,2,'Monday',0),(20230124,'2023-01-24',2023,1,1,'January',24,3,'Tuesday',0),(20230125,'2023-01-25',2023,1,1,'January',25,4,'Wednesday',0),(20230126,'2023-01-26',2023,1,1,'January',26,5,'Thursday',0),(20230127,'2023-01-27',2023,1,1,'January',27,6,'Friday',0),(20230128,'2023-01-28',2023,1,1,'January',28,7,'Saturday',0),(20230129,'2023-01-29',2023,1,1,'January',29,1,'Sunday',0),(20230130,'2023-01-30',2023,1,1,'January',30,2,'Monday',0),(20230131,'2023-01-31',2023,1,1,'January',31,3,'Tuesday',0),(20230201,'2023-02-01',2023,1,2,'February',1,4,'Wednesday',0),(20230202,'2023-02-02',2023,1,2,'February',2,5,'Thursday',0),(20230203,'2023-02-03',2023,1,2,'February',3,6,'Friday',0),(20230204,'2023-02-04',2023,1,2,'February',4,7,'Saturday',0),(20230205,'2023-02-05',2023,1,2,'February',5,1,'Sunday',0),(20230206,'2023-02-06',2023,1,2,'February',6,2,'Monday',0),(20230207,'2023-02-07',2023,1,2,'February',7,3,'Tuesday',0),(20230208,'2023-02-08',2023,1,2,'February',8,4,'Wednesday',0),(20230209,'2023-02-09',2023,1,2,'February',9,5,'Thursday',0),(20230210,'2023-02-10',2023,1,2,'February',10,6,'Friday',0),(20230211,'2023-02-11',2023,1,2,'February',11,7,'Saturday',0),(20230212,'2023-02-12',2023,1,2,'February',12,1,'Sunday',0),(20230213,'2023-02-13',2023,1,2,'February',13,2,'Monday',0),(20230214,'2023-02-14',2023,1,2,'February',14,3,'Tuesday',1),(20230215,'2023-02-15',2023,1,2,'February',15,4,'Wednesday',0),(20230216,'2023-02-16',2023,1,2,'February',16,5,'Thursday',0),(20230217,'2023-02-17',2023,1,2,'February',17,6,'Friday',0),(20230218,'2023-02-18',2023,1,2,'February',18,7,'Saturday',0),(20230219,'2023-02-19',2023,1,2,'February',19,1,'Sunday',0),(20230220,'2023-02-20',2023,1,2,'February',20,2,'Monday',0),(20230221,'2023-02-21',2023,1,2,'February',21,3,'Tuesday',0),(20230222,'2023-02-22',2023,1,2,'February',22,4,'Wednesday',0),(20230223,'2023-02-23',2023,1,2,'February',23,5,'Thursday',0),(20230224,'2023-02-24',2023,1,2,'February',24,6,'Friday',0),(20230225,'2023-02-25',2023,1,2,'February',25,7,'Saturday',0),(20230226,'2023-02-26',2023,1,2,'February',26,1,'Sunday',0),(20230227,'2023-02-27',2023,1,2,'February',27,2,'Monday',0),(20230228,'2023-02-28',2023,1,2,'February',28,3,'Tuesday',0),(20230301,'2023-03-01',2023,1,3,'March',1,4,'Wednesday',0),(20230302,'2023-03-02',2023,1,3,'March',2,5,'Thursday',0),(20230303,'2023-03-03',2023,1,3,'March',3,6,'Friday',0),(20230304,'2023-03-04',2023,1,3,'March',4,7,'Saturday',0),(20230305,'2023-03-05',2023,1,3,'March',5,1,'Sunday',0),(20230306,'2023-03-06',2023,1,3,'March',6,2,'Monday',0),(20230307,'2023-03-07',2023,1,3,'March',7,3,'Tuesday',0),(20230308,'2023-03-08',2023,1,3,'March',8,4,'Wednesday',0),(20230309,'2023-03-09',2023,1,3,'March',9,5,'Thursday',0),(20230310,'2023-03-10',2023,1,3,'March',10,6,'Friday',0),(20230311,'2023-03-11',2023,1,3,'March',11,7,'Saturday',0),(20230312,'2023-03-12',2023,1,3,'March',12,1,'Sunday',0),(20230313,'2023-03-13',2023,1,3,'March',13,2,'Monday',0),(20230314,'2023-03-14',2023,1,3,'March',14,3,'Tuesday',0),(20230315,'2023-03-15',2023,1,3,'March',15,4,'Wednesday',0),(20230316,'2023-03-16',2023,1,3,'March',16,5,'Thursday',0),(20230317,'2023-03-17',2023,1,3,'March',17,6,'Friday',1),(20230318,'2023-03-18',2023,1,3,'March',18,7,'Saturday',0),(20230319,'2023-03-19',2023,1,3,'March',19,1,'Sunday',0),(20230320,'2023-03-20',2023,1,3,'March',20,2,'Monday',0),(20230321,'2023-03-21',2023,1,3,'March',21,3,'Tuesday',0),(20230322,'2023-03-22',2023,1,3,'March',22,4,'Wednesday',0),(20230323,'2023-03-23',2023,1,3,'March',23,5,'Thursday',0),(20230324,'2023-03-24',2023,1,3,'March',24,6,'Friday',0),(20230325,'2023-03-25',2023,1,3,'March',25,7,'Saturday',0),(20230326,'2023-03-26',2023,1,3,'March',26,1,'Sunday',0),(20230327,'2023-03-27',2023,1,3,'March',27,2,'Monday',0),(20230328,'2023-03-28',2023,1,3,'March',28,3,'Tuesday',0),(20230329,'2023-03-29',2023,1,3,'March',29,4,'Wednesday',0),(20230330,'2023-03-30',2023,1,3,'March',30,5,'Thursday',0),(20230331,'2023-03-31',2023,1,3,'March',31,6,'Friday',0),(20230401,'2023-04-01',2023,2,4,'April',1,7,'Saturday',0),(20230402,'2023-04-02',2023,2,4,'April',2,1,'Sunday',0),(20230403,'2023-04-03',2023,2,4,'April',3,2,'Monday',0),(20230404,'2023-04-04',2023,2,4,'April',4,3,'Tuesday',0),(20230405,'2023-04-05',2023,2,4,'April',5,4,'Wednesday',0),(20230406,'2023-04-06',2023,2,4,'April',6,5,'Thursday',0),(20230407,'2023-04-07',2023,2,4,'April',7,6,'Friday',0),(20230408,'2023-04-08',2023,2,4,'April',8,7,'Saturday',0),(20230409,'2023-04-09',2023,2,4,'April',9,1,'Sunday',0),(20230410,'2023-04-10',2023,2,4,'April',10,2,'Monday',0),(20230411,'2023-04-11',2023,2,4,'April',11,3,'Tuesday',0),(20230412,'2023-04-12',2023,2,4,'April',12,4,'Wednesday',0),(20230413,'2023-04-13',2023,2,4,'April',13,5,'Thursday',0),(20230414,'2023-04-14',2023,2,4,'April',14,6,'Friday',0),(20230415,'2023-04-15',2023,2,4,'April',15,7,'Saturday',0),(20230416,'2023-04-16',2023,2,4,'April',16,1,'Sunday',0),(20230417,'2023-04-17',2023,2,4,'April',17,2,'Monday',0),(20230418,'2023-04-18',2023,2,4,'April',18,3,'Tuesday',0),(20230419,'2023-04-19',2023,2,4,'April',19,4,'Wednesday',0),(20230420,'2023-04-20',2023,2,4,'April',20,5,'Thursday',0),(20230421,'2023-04-21',2023,2,4,'April',21,6,'Friday',0),(20230422,'2023-04-22',2023,2,4,'April',22,7,'Saturday',0),(20230423,'2023-04-23',2023,2,4,'April',23,1,'Sunday',0),(20230424,'2023-04-24',2023,2,4,'April',24,2,'Monday',0),(20230425,'2023-04-25',2023,2,4,'April',25,3,'Tuesday',0),(20230426,'2023-04-26',2023,2,4,'April',26,4,'Wednesday',0),(20230427,'2023-04-27',2023,2,4,'April',27,5,'Thursday',0),(20230428,'2023-04-28',2023,2,4,'April',28,6,'Friday',0),(20230429,'2023-04-29',2023,2,4,'April',29,7,'Saturday',0),(20230430,'2023-04-30',2023,2,4,'April',30,1,'Sunday',0),(20230501,'2023-05-01',2023,2,5,'May',1,2,'Monday',0),(20230502,'2023-05-02',2023,2,5,'May',2,3,'Tuesday',0),(20230503,'2023-05-03',2023,2,5,'May',3,4,'Wednesday',0),(20230504,'2023-05-04',2023,2,5,'May',4,5,'Thursday',0),(20230505,'2023-05-05',2023,2,5,'May',5,6,'Friday',0),(20230506,'2023-05-06',2023,2,5,'May',6,7,'Saturday',0),(20230507,'2023-05-07',2023,2,5,'May',7,1,'Sunday',0),(20230508,'2023-05-08',2023,2,5,'May',8,2,'Monday',0),(20230509,'2023-05-09',2023,2,5,'May',9,3,'Tuesday',0),(20230510,'2023-05-10',2023,2,5,'May',10,4,'Wednesday',0),(20230511,'2023-05-11',2023,2,5,'May',11,5,'Thursday',0),(20230512,'2023-05-12',2023,2,5,'May',12,6,'Friday',0),(20230513,'2023-05-13',2023,2,5,'May',13,7,'Saturday',0),(20230514,'2023-05-14',2023,2,5,'May',14,1,'Sunday',0),(20230515,'2023-05-15',2023,2,5,'May',15,2,'Monday',0),(20230516,'2023-05-16',2023,2,5,'May',16,3,'Tuesday',0),(20230517,'2023-05-17',2023,2,5,'May',17,4,'Wednesday',0),(20230518,'2023-05-18',2023,2,5,'May',18,5,'Thursday',0),(20230519,'2023-05-19',2023,2,5,'May',19,6,'Friday',0),(20230520,'2023-05-20',2023,2,5,'May',20,7,'Saturday',0),(20230521,'2023-05-21',2023,2,5,'May',21,1,'Sunday',0),(20230522,'2023-05-22',2023,2,5,'May',22,2,'Monday',0),(20230523,'2023-05-23',2023,2,5,'May',23,3,'Tuesday',0),(20230524,'2023-05-24',2023,2,5,'May',24,4,'Wednesday',0),(20230525,'2023-05-25',2023,2,5,'May',25,5,'Thursday',0),(20230526,'2023-05-26',2023,2,5,'May',26,6,'Friday',0),(20230527,'2023-05-27',2023,2,5,'May',27,7,'Saturday',0),(20230528,'2023-05-28',2023,2,5,'May',28,1,'Sunday',0),(20230529,'2023-05-29',2023,2,5,'May',29,2,'Monday',0),(20230530,'2023-05-30',2023,2,5,'May',30,3,'Tuesday',0),(20230531,'2023-05-31',2023,2,5,'May',31,4,'Wednesday',0),(20230601,'2023-06-01',2023,2,6,'June',1,5,'Thursday',0),(20230602,'2023-06-02',2023,2,6,'June',2,6,'Friday',0),(20230603,'2023-06-03',2023,2,6,'June',3,7,'Saturday',0),(20230604,'2023-06-04',2023,2,6,'June',4,1,'Sunday',0),(20230605,'2023-06-05',2023,2,6,'June',5,2,'Monday',0),(20230606,'2023-06-06',2023,2,6,'June',6,3,'Tuesday',0),(20230607,'2023-06-07',2023,2,6,'June',7,4,'Wednesday',0),(20230608,'2023-06-08',2023,2,6,'June',8,5,'Thursday',0),(20230609,'2023-06-09',2023,2,6,'June',9,6,'Friday',0),(20230610,'2023-06-10',2023,2,6,'June',10,7,'Saturday',0),(20230611,'2023-06-11',2023,2,6,'June',11,1,'Sunday',0),(20230612,'2023-06-12',2023,2,6,'June',12,2,'Monday',0),(20230613,'2023-06-13',2023,2,6,'June',13,3,'Tuesday',0),(20230614,'2023-06-14',2023,2,6,'June',14,4,'Wednesday',0),(20230615,'2023-06-15',2023,2,6,'June',15,5,'Thursday',0),(20230616,'2023-06-16',2023,2,6,'June',16,6,'Friday',0),(20230617,'2023-06-17',2023,2,6,'June',17,7,'Saturday',0),(20230618,'2023-06-18',2023,2,6,'June',18,1,'Sunday',0),(20230619,'2023-06-19',2023,2,6,'June',19,2,'Monday',0),(20230620,'2023-06-20',2023,2,6,'June',20,3,'Tuesday',0),(20230621,'2023-06-21',2023,2,6,'June',21,4,'Wednesday',0),(20230622,'2023-06-22',2023,2,6,'June',22,5,'Thursday',0),(20230623,'2023-06-23',2023,2,6,'June',23,6,'Friday',0),(20230624,'2023-06-24',2023,2,6,'June',24,7,'Saturday',0),(20230625,'2023-06-25',2023,2,6,'June',25,1,'Sunday',0),(20230626,'2023-06-26',2023,2,6,'June',26,2,'Monday',0),(20230627,'2023-06-27',2023,2,6,'June',27,3,'Tuesday',0),(20230628,'2023-06-28',2023,2,6,'June',28,4,'Wednesday',0),(20230629,'2023-06-29',2023,2,6,'June',29,5,'Thursday',0),(20230630,'2023-06-30',2023,2,6,'June',30,6,'Friday',0),(20230701,'2023-07-01',2023,3,7,'July',1,7,'Saturday',0),(20230702,'2023-07-02',2023,3,7,'July',2,1,'Sunday',0),(20230703,'2023-07-03',2023,3,7,'July',3,2,'Monday',0),(20230704,'2023-07-04',2023,3,7,'July',4,3,'Tuesday',1),(20230705,'2023-07-05',2023,3,7,'July',5,4,'Wednesday',0),(20230706,'2023-07-06',2023,3,7,'July',6,5,'Thursday',0),(20230707,'2023-07-07',2023,3,7,'July',7,6,'Friday',0),(20230708,'2023-07-08',2023,3,7,'July',8,7,'Saturday',0),(20230709,'2023-07-09',2023,3,7,'July',9,1,'Sunday',0),(20230710,'2023-07-10',2023,3,7,'July',10,2,'Monday',0),(20230711,'2023-07-11',2023,3,7,'July',11,3,'Tuesday',0),(20230712,'2023-07-12',2023,3,7,'July',12,4,'Wednesday',0),(20230713,'2023-07-13',2023,3,7,'July',13,5,'Thursday',0),(20230714,'2023-07-14',2023,3,7,'July',14,6,'Friday',0),(20230715,'2023-07-15',2023,3,7,'July',15,7,'Saturday',0),(20230716,'2023-07-16',2023,3,7,'July',16,1,'Sunday',0),(20230717,'2023-07-17',2023,3,7,'July',17,2,'Monday',0),(20230718,'2023-07-18',2023,3,7,'July',18,3,'Tuesday',0),(20230719,'2023-07-19',2023,3,7,'July',19,4,'Wednesday',0),(20230720,'2023-07-20',2023,3,7,'July',20,5,'Thursday',0),(20230721,'2023-07-21',2023,3,7,'July',21,6,'Friday',0),(20230722,'2023-07-22',2023,3,7,'July',22,7,'Saturday',0),(20230723,'2023-07-23',2023,3,7,'July',23,1,'Sunday',0),(20230724,'2023-07-24',2023,3,7,'July',24,2,'Monday',0),(20230725,'2023-07-25',2023,3,7,'July',25,3,'Tuesday',0),(20230726,'2023-07-26',2023,3,7,'July',26,4,'Wednesday',0),(20230727,'2023-07-27',2023,3,7,'July',27,5,'Thursday',0),(20230728,'2023-07-28',2023,3,7,'July',28,6,'Friday',0),(20230729,'2023-07-29',2023,3,7,'July',29,7,'Saturday',0),(20230730,'2023-07-30',2023,3,7,'July',30,1,'Sunday',0),(20230731,'2023-07-31',2023,3,7,'July',31,2,'Monday',0),(20230801,'2023-08-01',2023,3,8,'August',1,3,'Tuesday',0),(20230802,'2023-08-02',2023,3,8,'August',2,4,'Wednesday',0),(20230803,'2023-08-03',2023,3,8,'August',3,5,'Thursday',0),(20230804,'2023-08-04',2023,3,8,'August',4,6,'Friday',0),(20230805,'2023-08-05',2023,3,8,'August',5,7,'Saturday',0),(20230806,'2023-08-06',2023,3,8,'August',6,1,'Sunday',0),(20230807,'2023-08-07',2023,3,8,'August',7,2,'Monday',0),(20230808,'2023-08-08',2023,3,8,'August',8,3,'Tuesday',0),(20230809,'2023-08-09',2023,3,8,'August',9,4,'Wednesday',0),(20230810,'2023-08-10',2023,3,8,'August',10,5,'Thursday',0),(20230811,'2023-08-11',2023,3,8,'August',11,6,'Friday',0),(20230812,'2023-08-12',2023,3,8,'August',12,7,'Saturday',0),(20230813,'2023-08-13',2023,3,8,'August',13,1,'Sunday',0),(20230814,'2023-08-14',2023,3,8,'August',14,2,'Monday',0),(20230815,'2023-08-15',2023,3,8,'August',15,3,'Tuesday',0),(20230816,'2023-08-16',2023,3,8,'August',16,4,'Wednesday',0),(20230817,'2023-08-17',2023,3,8,'August',17,5,'Thursday',0),(20230818,'2023-08-18',2023,3,8,'August',18,6,'Friday',0),(20230819,'2023-08-19',2023,3,8,'August',19,7,'Saturday',0),(20230820,'2023-08-20',2023,3,8,'August',20,1,'Sunday',0),(20230821,'2023-08-21',2023,3,8,'August',21,2,'Monday',0),(20230822,'2023-08-22',2023,3,8,'August',22,3,'Tuesday',0),(20230823,'2023-08-23',2023,3,8,'August',23,4,'Wednesday',0),(20230824,'2023-08-24',2023,3,8,'August',24,5,'Thursday',0),(20230825,'2023-08-25',2023,3,8,'August',25,6,'Friday',0),(20230826,'2023-08-26',2023,3,8,'August',26,7,'Saturday',0),(20230827,'2023-08-27',2023,3,8,'August',27,1,'Sunday',0),(20230828,'2023-08-28',2023,3,8,'August',28,2,'Monday',0),(20230829,'2023-08-29',2023,3,8,'August',29,3,'Tuesday',0),(20230830,'2023-08-30',2023,3,8,'August',30,4,'Wednesday',0),(20230831,'2023-08-31',2023,3,8,'August',31,5,'Thursday',0),(20230901,'2023-09-01',2023,3,9,'September',1,6,'Friday',0),(20230902,'2023-09-02',2023,3,9,'September',2,7,'Saturday',0),(20230903,'2023-09-03',2023,3,9,'September',3,1,'Sunday',0),(20230904,'2023-09-04',2023,3,9,'September',4,2,'Monday',0),(20230905,'2023-09-05',2023,3,9,'September',5,3,'Tuesday',0),(20230906,'2023-09-06',2023,3,9,'September',6,4,'Wednesday',0),(20230907,'2023-09-07',2023,3,9,'September',7,5,'Thursday',0),(20230908,'2023-09-08',2023,3,9,'September',8,6,'Friday',0),(20230909,'2023-09-09',2023,3,9,'September',9,7,'Saturday',0),(20230910,'2023-09-10',2023,3,9,'September',10,1,'Sunday',0),(20230911,'2023-09-11',2023,3,9,'September',11,2,'Monday',0),(20230912,'2023-09-12',2023,3,9,'September',12,3,'Tuesday',0),(20230913,'2023-09-13',2023,3,9,'September',13,4,'Wednesday',0),(20230914,'2023-09-14',2023,3,9,'September',14,5,'Thursday',0),(20230915,'2023-09-15',2023,3,9,'September',15,6,'Friday',0),(20230916,'2023-09-16',2023,3,9,'September',16,7,'Saturday',0),(20230917,'2023-09-17',2023,3,9,'September',17,1,'Sunday',0),(20230918,'2023-09-18',2023,3,9,'September',18,2,'Monday',0),(20230919,'2023-09-19',2023,3,9,'September',19,3,'Tuesday',0),(20230920,'2023-09-20',2023,3,9,'September',20,4,'Wednesday',0),(20230921,'2023-09-21',2023,3,9,'September',21,5,'Thursday',0),(20230922,'2023-09-22',2023,3,9,'September',22,6,'Friday',0),(20230923,'2023-09-23',2023,3,9,'September',23,7,'Saturday',0),(20230924,'2023-09-24',2023,3,9,'September',24,1,'Sunday',0),(20230925,'2023-09-25',2023,3,9,'September',25,2,'Monday',0),(20230926,'2023-09-26',2023,3,9,'September',26,3,'Tuesday',0),(20230927,'2023-09-27',2023,3,9,'September',27,4,'Wednesday',0),(20230928,'2023-09-28',2023,3,9,'September',28,5,'Thursday',0),(20230929,'2023-09-29',2023,3,9,'September',29,6,'Friday',0),(20230930,'2023-09-30',2023,3,9,'September',30,7,'Saturday',0),(20231001,'2023-10-01',2023,4,10,'October',1,1,'Sunday',0),(20231002,'2023-10-02',2023,4,10,'October',2,2,'Monday',0),(20231003,'2023-10-03',2023,4,10,'October',3,3,'Tuesday',0),(20231004,'2023-10-04',2023,4,10,'October',4,4,'Wednesday',0),(20231005,'2023-10-05',2023,4,10,'October',5,5,'Thursday',0),(20231006,'2023-10-06',2023,4,10,'October',6,6,'Friday',0),(20231007,'2023-10-07',2023,4,10,'October',7,7,'Saturday',0),(20231008,'2023-10-08',2023,4,10,'October',8,1,'Sunday',0),(20231009,'2023-10-09',2023,4,10,'October',9,2,'Monday',0),(20231010,'2023-10-10',2023,4,10,'October',10,3,'Tuesday',0),(20231011,'2023-10-11',2023,4,10,'October',11,4,'Wednesday',0),(20231012,'2023-10-12',2023,4,10,'October',12,5,'Thursday',0),(20231013,'2023-10-13',2023,4,10,'October',13,6,'Friday',0),(20231014,'2023-10-14',2023,4,10,'October',14,7,'Saturday',0),(20231015,'2023-10-15',2023,4,10,'October',15,1,'Sunday',0),(20231016,'2023-10-16',2023,4,10,'October',16,2,'Monday',0),(20231017,'2023-10-17',2023,4,10,'October',17,3,'Tuesday',0),(20231018,'2023-10-18',2023,4,10,'October',18,4,'Wednesday',0),(20231019,'2023-10-19',2023,4,10,'October',19,5,'Thursday',0),(20231020,'2023-10-20',2023,4,10,'October',20,6,'Friday',0),(20231021,'2023-10-21',2023,4,10,'October',21,7,'Saturday',0),(20231022,'2023-10-22',2023,4,10,'October',22,1,'Sunday',0),(20231023,'2023-10-23',2023,4,10,'October',23,2,'Monday',0),(20231024,'2023-10-24',2023,4,10,'October',24,3,'Tuesday',0),(20231025,'2023-10-25',2023,4,10,'October',25,4,'Wednesday',0),(20231026,'2023-10-26',2023,4,10,'October',26,5,'Thursday',0),(20231027,'2023-10-27',2023,4,10,'October',27,6,'Friday',0),(20231028,'2023-10-28',2023,4,10,'October',28,7,'Saturday',0),(20231029,'2023-10-29',2023,4,10,'October',29,1,'Sunday',0),(20231030,'2023-10-30',2023,4,10,'October',30,2,'Monday',0),(20231031,'2023-10-31',2023,4,10,'October',31,3,'Tuesday',1),(20231101,'2023-11-01',2023,4,11,'November',1,4,'Wednesday',0),(20231102,'2023-11-02',2023,4,11,'November',2,5,'Thursday',0),(20231103,'2023-11-03',2023,4,11,'November',3,6,'Friday',0),(20231104,'2023-11-04',2023,4,11,'November',4,7,'Saturday',0),(20231105,'2023-11-05',2023,4,11,'November',5,1,'Sunday',0),(20231106,'2023-11-06',2023,4,11,'November',6,2,'Monday',0),(20231107,'2023-11-07',2023,4,11,'November',7,3,'Tuesday',0),(20231108,'2023-11-08',2023,4,11,'November',8,4,'Wednesday',0),(20231109,'2023-11-09',2023,4,11,'November',9,5,'Thursday',0),(20231110,'2023-11-10',2023,4,11,'November',10,6,'Friday',0),(20231111,'2023-11-11',2023,4,11,'November',11,7,'Saturday',1),(20231112,'2023-11-12',2023,4,11,'November',12,1,'Sunday',0),(20231113,'2023-11-13',2023,4,11,'November',13,2,'Monday',0),(20231114,'2023-11-14',2023,4,11,'November',14,3,'Tuesday',0),(20231115,'2023-11-15',2023,4,11,'November',15,4,'Wednesday',0),(20231116,'2023-11-16',2023,4,11,'November',16,5,'Thursday',0),(20231117,'2023-11-17',2023,4,11,'November',17,6,'Friday',0),(20231118,'2023-11-18',2023,4,11,'November',18,7,'Saturday',0),(20231119,'2023-11-19',2023,4,11,'November',19,1,'Sunday',0),(20231120,'2023-11-20',2023,4,11,'November',20,2,'Monday',0),(20231121,'2023-11-21',2023,4,11,'November',21,3,'Tuesday',0),(20231122,'2023-11-22',2023,4,11,'November',22,4,'Wednesday',0),(20231123,'2023-11-23',2023,4,11,'November',23,5,'Thursday',0),(20231124,'2023-11-24',2023,4,11,'November',24,6,'Friday',0),(20231125,'2023-11-25',2023,4,11,'November',25,7,'Saturday',0),(20231126,'2023-11-26',2023,4,11,'November',26,1,'Sunday',0),(20231127,'2023-11-27',2023,4,11,'November',27,2,'Monday',0),(20231128,'2023-11-28',2023,4,11,'November',28,3,'Tuesday',0),(20231129,'2023-11-29',2023,4,11,'November',29,4,'Wednesday',0),(20231130,'2023-11-30',2023,4,11,'November',30,5,'Thursday',0),(20231201,'2023-12-01',2023,4,12,'December',1,6,'Friday',0),(20231202,'2023-12-02',2023,4,12,'December',2,7,'Saturday',0),(20231203,'2023-12-03',2023,4,12,'December',3,1,'Sunday',0),(20231204,'2023-12-04',2023,4,12,'December',4,2,'Monday',0),(20231205,'2023-12-05',2023,4,12,'December',5,3,'Tuesday',0),(20231206,'2023-12-06',2023,4,12,'December',6,4,'Wednesday',0),(20231207,'2023-12-07',2023,4,12,'December',7,5,'Thursday',0),(20231208,'2023-12-08',2023,4,12,'December',8,6,'Friday',0),(20231209,'2023-12-09',2023,4,12,'December',9,7,'Saturday',0),(20231210,'2023-12-10',2023,4,12,'December',10,1,'Sunday',0),(20231211,'2023-12-11',2023,4,12,'December',11,2,'Monday',0),(20231212,'2023-12-12',2023,4,12,'December',12,3,'Tuesday',0),(20231213,'2023-12-13',2023,4,12,'December',13,4,'Wednesday',0),(20231214,'2023-12-14',2023,4,12,'December',14,5,'Thursday',0),(20231215,'2023-12-15',2023,4,12,'December',15,6,'Friday',0),(20231216,'2023-12-16',2023,4,12,'December',16,7,'Saturday',0),(20231217,'2023-12-17',2023,4,12,'December',17,1,'Sunday',0),(20231218,'2023-12-18',2023,4,12,'December',18,2,'Monday',0),(20231219,'2023-12-19',2023,4,12,'December',19,3,'Tuesday',0),(20231220,'2023-12-20',2023,4,12,'December',20,4,'Wednesday',0),(20231221,'2023-12-21',2023,4,12,'December',21,5,'Thursday',0),(20231222,'2023-12-22',2023,4,12,'December',22,6,'Friday',0),(20231223,'2023-12-23',2023,4,12,'December',23,7,'Saturday',0),(20231224,'2023-12-24',2023,4,12,'December',24,1,'Sunday',0),(20231225,'2023-12-25',2023,4,12,'December',25,2,'Monday',1),(20231226,'2023-12-26',2023,4,12,'December',26,3,'Tuesday',0),(20231227,'2023-12-27',2023,4,12,'December',27,4,'Wednesday',0),(20231228,'2023-12-28',2023,4,12,'December',28,5,'Thursday',0),(20231229,'2023-12-29',2023,4,12,'December',29,6,'Friday',0),(20231230,'2023-12-30',2023,4,12,'December',30,7,'Saturday',0),(20231231,'2023-12-31',2023,4,12,'December',31,1,'Sunday',0),(20240101,'2024-01-01',2024,1,1,'January',1,2,'Monday',1),(20240102,'2024-01-02',2024,1,1,'January',2,3,'Tuesday',0),(20240103,'2024-01-03',2024,1,1,'January',3,4,'Wednesday',0),(20240104,'2024-01-04',2024,1,1,'January',4,5,'Thursday',0),(20240105,'2024-01-05',2024,1,1,'January',5,6,'Friday',0),(20240106,'2024-01-06',2024,1,1,'January',6,7,'Saturday',0),(20240107,'2024-01-07',2024,1,1,'January',7,1,'Sunday',0),(20240108,'2024-01-08',2024,1,1,'January',8,2,'Monday',0),(20240109,'2024-01-09',2024,1,1,'January',9,3,'Tuesday',0),(20240110,'2024-01-10',2024,1,1,'January',10,4,'Wednesday',0),(20240111,'2024-01-11',2024,1,1,'January',11,5,'Thursday',0),(20240112,'2024-01-12',2024,1,1,'January',12,6,'Friday',0),(20240113,'2024-01-13',2024,1,1,'January',13,7,'Saturday',0),(20240114,'2024-01-14',2024,1,1,'January',14,1,'Sunday',0),(20240115,'2024-01-15',2024,1,1,'January',15,2,'Monday',0),(20240116,'2024-01-16',2024,1,1,'January',16,3,'Tuesday',0),(20240117,'2024-01-17',2024,1,1,'January',17,4,'Wednesday',0),(20240118,'2024-01-18',2024,1,1,'January',18,5,'Thursday',0),(20240119,'2024-01-19',2024,1,1,'January',19,6,'Friday',0),(20240120,'2024-01-20',2024,1,1,'January',20,7,'Saturday',0),(20240121,'2024-01-21',2024,1,1,'January',21,1,'Sunday',0),(20240122,'2024-01-22',2024,1,1,'January',22,2,'Monday',0),(20240123,'2024-01-23',2024,1,1,'January',23,3,'Tuesday',0),(20240124,'2024-01-24',2024,1,1,'January',24,4,'Wednesday',0),(20240125,'2024-01-25',2024,1,1,'January',25,5,'Thursday',0),(20240126,'2024-01-26',2024,1,1,'January',26,6,'Friday',0),(20240127,'2024-01-27',2024,1,1,'January',27,7,'Saturday',0),(20240128,'2024-01-28',2024,1,1,'January',28,1,'Sunday',0),(20240129,'2024-01-29',2024,1,1,'January',29,2,'Monday',0),(20240130,'2024-01-30',2024,1,1,'January',30,3,'Tuesday',0),(20240131,'2024-01-31',2024,1,1,'January',31,4,'Wednesday',0),(20240201,'2024-02-01',2024,1,2,'February',1,5,'Thursday',0),(20240202,'2024-02-02',2024,1,2,'February',2,6,'Friday',0),(20240203,'2024-02-03',2024,1,2,'February',3,7,'Saturday',0),(20240204,'2024-02-04',2024,1,2,'February',4,1,'Sunday',0),(20240205,'2024-02-05',2024,1,2,'February',5,2,'Monday',0),(20240206,'2024-02-06',2024,1,2,'February',6,3,'Tuesday',0),(20240207,'2024-02-07',2024,1,2,'February',7,4,'Wednesday',0),(20240208,'2024-02-08',2024,1,2,'February',8,5,'Thursday',0),(20240209,'2024-02-09',2024,1,2,'February',9,6,'Friday',0),(20240210,'2024-02-10',2024,1,2,'February',10,7,'Saturday',0),(20240211,'2024-02-11',2024,1,2,'February',11,1,'Sunday',0),(20240212,'2024-02-12',2024,1,2,'February',12,2,'Monday',0),(20240213,'2024-02-13',2024,1,2,'February',13,3,'Tuesday',0),(20240214,'2024-02-14',2024,1,2,'February',14,4,'Wednesday',1),(20240215,'2024-02-15',2024,1,2,'February',15,5,'Thursday',0),(20240216,'2024-02-16',2024,1,2,'February',16,6,'Friday',0),(20240217,'2024-02-17',2024,1,2,'February',17,7,'Saturday',0),(20240218,'2024-02-18',2024,1,2,'February',18,1,'Sunday',0),(20240219,'2024-02-19',2024,1,2,'February',19,2,'Monday',0),(20240220,'2024-02-20',2024,1,2,'February',20,3,'Tuesday',0),(20240221,'2024-02-21',2024,1,2,'February',21,4,'Wednesday',0),(20240222,'2024-02-22',2024,1,2,'February',22,5,'Thursday',0),(20240223,'2024-02-23',2024,1,2,'February',23,6,'Friday',0),(20240224,'2024-02-24',2024,1,2,'February',24,7,'Saturday',0),(20240225,'2024-02-25',2024,1,2,'February',25,1,'Sunday',0),(20240226,'2024-02-26',2024,1,2,'February',26,2,'Monday',0),(20240227,'2024-02-27',2024,1,2,'February',27,3,'Tuesday',0),(20240228,'2024-02-28',2024,1,2,'February',28,4,'Wednesday',0),(20240229,'2024-02-29',2024,1,2,'February',29,5,'Thursday',0),(20240301,'2024-03-01',2024,1,3,'March',1,6,'Friday',0),(20240302,'2024-03-02',2024,1,3,'March',2,7,'Saturday',0),(20240303,'2024-03-03',2024,1,3,'March',3,1,'Sunday',0),(20240304,'2024-03-04',2024,1,3,'March',4,2,'Monday',0),(20240305,'2024-03-05',2024,1,3,'March',5,3,'Tuesday',0),(20240306,'2024-03-06',2024,1,3,'March',6,4,'Wednesday',0),(20240307,'2024-03-07',2024,1,3,'March',7,5,'Thursday',0),(20240308,'2024-03-08',2024,1,3,'March',8,6,'Friday',0),(20240309,'2024-03-09',2024,1,3,'March',9,7,'Saturday',0),(20240310,'2024-03-10',2024,1,3,'March',10,1,'Sunday',0),(20240311,'2024-03-11',2024,1,3,'March',11,2,'Monday',0),(20240312,'2024-03-12',2024,1,3,'March',12,3,'Tuesday',0),(20240313,'2024-03-13',2024,1,3,'March',13,4,'Wednesday',0),(20240314,'2024-03-14',2024,1,3,'March',14,5,'Thursday',0),(20240315,'2024-03-15',2024,1,3,'March',15,6,'Friday',0),(20240316,'2024-03-16',2024,1,3,'March',16,7,'Saturday',0),(20240317,'2024-03-17',2024,1,3,'March',17,1,'Sunday',1),(20240318,'2024-03-18',2024,1,3,'March',18,2,'Monday',0),(20240319,'2024-03-19',2024,1,3,'March',19,3,'Tuesday',0),(20240320,'2024-03-20',2024,1,3,'March',20,4,'Wednesday',0),(20240321,'2024-03-21',2024,1,3,'March',21,5,'Thursday',0),(20240322,'2024-03-22',2024,1,3,'March',22,6,'Friday',0),(20240323,'2024-03-23',2024,1,3,'March',23,7,'Saturday',0),(20240324,'2024-03-24',2024,1,3,'March',24,1,'Sunday',0),(20240325,'2024-03-25',2024,1,3,'March',25,2,'Monday',0),(20240326,'2024-03-26',2024,1,3,'March',26,3,'Tuesday',0),(20240327,'2024-03-27',2024,1,3,'March',27,4,'Wednesday',0),(20240328,'2024-03-28',2024,1,3,'March',28,5,'Thursday',0),(20240329,'2024-03-29',2024,1,3,'March',29,6,'Friday',0),(20240330,'2024-03-30',2024,1,3,'March',30,7,'Saturday',0),(20240331,'2024-03-31',2024,1,3,'March',31,1,'Sunday',0),(20240401,'2024-04-01',2024,2,4,'April',1,2,'Monday',0),(20240402,'2024-04-02',2024,2,4,'April',2,3,'Tuesday',0),(20240403,'2024-04-03',2024,2,4,'April',3,4,'Wednesday',0),(20240404,'2024-04-04',2024,2,4,'April',4,5,'Thursday',0),(20240405,'2024-04-05',2024,2,4,'April',5,6,'Friday',0),(20240406,'2024-04-06',2024,2,4,'April',6,7,'Saturday',0),(20240407,'2024-04-07',2024,2,4,'April',7,1,'Sunday',0),(20240408,'2024-04-08',2024,2,4,'April',8,2,'Monday',0),(20240409,'2024-04-09',2024,2,4,'April',9,3,'Tuesday',0),(20240410,'2024-04-10',2024,2,4,'April',10,4,'Wednesday',0),(20240411,'2024-04-11',2024,2,4,'April',11,5,'Thursday',0),(20240412,'2024-04-12',2024,2,4,'April',12,6,'Friday',0),(20240413,'2024-04-13',2024,2,4,'April',13,7,'Saturday',0),(20240414,'2024-04-14',2024,2,4,'April',14,1,'Sunday',0),(20240415,'2024-04-15',2024,2,4,'April',15,2,'Monday',0),(20240416,'2024-04-16',2024,2,4,'April',16,3,'Tuesday',0),(20240417,'2024-04-17',2024,2,4,'April',17,4,'Wednesday',0),(20240418,'2024-04-18',2024,2,4,'April',18,5,'Thursday',0),(20240419,'2024-04-19',2024,2,4,'April',19,6,'Friday',0),(20240420,'2024-04-20',2024,2,4,'April',20,7,'Saturday',0),(20240421,'2024-04-21',2024,2,4,'April',21,1,'Sunday',0),(20240422,'2024-04-22',2024,2,4,'April',22,2,'Monday',0),(20240423,'2024-04-23',2024,2,4,'April',23,3,'Tuesday',0),(20240424,'2024-04-24',2024,2,4,'April',24,4,'Wednesday',0),(20240425,'2024-04-25',2024,2,4,'April',25,5,'Thursday',0),(20240426,'2024-04-26',2024,2,4,'April',26,6,'Friday',0),(20240427,'2024-04-27',2024,2,4,'April',27,7,'Saturday',0),(20240428,'2024-04-28',2024,2,4,'April',28,1,'Sunday',0),(20240429,'2024-04-29',2024,2,4,'April',29,2,'Monday',0),(20240430,'2024-04-30',2024,2,4,'April',30,3,'Tuesday',0),(20240501,'2024-05-01',2024,2,5,'May',1,4,'Wednesday',0),(20240502,'2024-05-02',2024,2,5,'May',2,5,'Thursday',0),(20240503,'2024-05-03',2024,2,5,'May',3,6,'Friday',0),(20240504,'2024-05-04',2024,2,5,'May',4,7,'Saturday',0),(20240505,'2024-05-05',2024,2,5,'May',5,1,'Sunday',0),(20240506,'2024-05-06',2024,2,5,'May',6,2,'Monday',0),(20240507,'2024-05-07',2024,2,5,'May',7,3,'Tuesday',0),(20240508,'2024-05-08',2024,2,5,'May',8,4,'Wednesday',0),(20240509,'2024-05-09',2024,2,5,'May',9,5,'Thursday',0),(20240510,'2024-05-10',2024,2,5,'May',10,6,'Friday',0),(20240511,'2024-05-11',2024,2,5,'May',11,7,'Saturday',0),(20240512,'2024-05-12',2024,2,5,'May',12,1,'Sunday',0),(20240513,'2024-05-13',2024,2,5,'May',13,2,'Monday',0),(20240514,'2024-05-14',2024,2,5,'May',14,3,'Tuesday',0),(20240515,'2024-05-15',2024,2,5,'May',15,4,'Wednesday',0),(20240516,'2024-05-16',2024,2,5,'May',16,5,'Thursday',0),(20240517,'2024-05-17',2024,2,5,'May',17,6,'Friday',0),(20240518,'2024-05-18',2024,2,5,'May',18,7,'Saturday',0),(20240519,'2024-05-19',2024,2,5,'May',19,1,'Sunday',0),(20240520,'2024-05-20',2024,2,5,'May',20,2,'Monday',0),(20240521,'2024-05-21',2024,2,5,'May',21,3,'Tuesday',0),(20240522,'2024-05-22',2024,2,5,'May',22,4,'Wednesday',0),(20240523,'2024-05-23',2024,2,5,'May',23,5,'Thursday',0),(20240524,'2024-05-24',2024,2,5,'May',24,6,'Friday',0),(20240525,'2024-05-25',2024,2,5,'May',25,7,'Saturday',0),(20240526,'2024-05-26',2024,2,5,'May',26,1,'Sunday',0),(20240527,'2024-05-27',2024,2,5,'May',27,2,'Monday',0),(20240528,'2024-05-28',2024,2,5,'May',28,3,'Tuesday',0),(20240529,'2024-05-29',2024,2,5,'May',29,4,'Wednesday',0),(20240530,'2024-05-30',2024,2,5,'May',30,5,'Thursday',0),(20240531,'2024-05-31',2024,2,5,'May',31,6,'Friday',0),(20240601,'2024-06-01',2024,2,6,'June',1,7,'Saturday',0),(20240602,'2024-06-02',2024,2,6,'June',2,1,'Sunday',0),(20240603,'2024-06-03',2024,2,6,'June',3,2,'Monday',0),(20240604,'2024-06-04',2024,2,6,'June',4,3,'Tuesday',0),(20240605,'2024-06-05',2024,2,6,'June',5,4,'Wednesday',0),(20240606,'2024-06-06',2024,2,6,'June',6,5,'Thursday',0),(20240607,'2024-06-07',2024,2,6,'June',7,6,'Friday',0),(20240608,'2024-06-08',2024,2,6,'June',8,7,'Saturday',0),(20240609,'2024-06-09',2024,2,6,'June',9,1,'Sunday',0),(20240610,'2024-06-10',2024,2,6,'June',10,2,'Monday',0),(20240611,'2024-06-11',2024,2,6,'June',11,3,'Tuesday',0),(20240612,'2024-06-12',2024,2,6,'June',12,4,'Wednesday',0),(20240613,'2024-06-13',2024,2,6,'June',13,5,'Thursday',0),(20240614,'2024-06-14',2024,2,6,'June',14,6,'Friday',0),(20240615,'2024-06-15',2024,2,6,'June',15,7,'Saturday',0),(20240616,'2024-06-16',2024,2,6,'June',16,1,'Sunday',0),(20240617,'2024-06-17',2024,2,6,'June',17,2,'Monday',0),(20240618,'2024-06-18',2024,2,6,'June',18,3,'Tuesday',0),(20240619,'2024-06-19',2024,2,6,'June',19,4,'Wednesday',0),(20240620,'2024-06-20',2024,2,6,'June',20,5,'Thursday',0),(20240621,'2024-06-21',2024,2,6,'June',21,6,'Friday',0),(20240622,'2024-06-22',2024,2,6,'June',22,7,'Saturday',0),(20240623,'2024-06-23',2024,2,6,'June',23,1,'Sunday',0),(20240624,'2024-06-24',2024,2,6,'June',24,2,'Monday',0),(20240625,'2024-06-25',2024,2,6,'June',25,3,'Tuesday',0),(20240626,'2024-06-26',2024,2,6,'June',26,4,'Wednesday',0),(20240627,'2024-06-27',2024,2,6,'June',27,5,'Thursday',0),(20240628,'2024-06-28',2024,2,6,'June',28,6,'Friday',0),(20240629,'2024-06-29',2024,2,6,'June',29,7,'Saturday',0),(20240630,'2024-06-30',2024,2,6,'June',30,1,'Sunday',0),(20240701,'2024-07-01',2024,3,7,'July',1,2,'Monday',0),(20240702,'2024-07-02',2024,3,7,'July',2,3,'Tuesday',0),(20240703,'2024-07-03',2024,3,7,'July',3,4,'Wednesday',0),(20240704,'2024-07-04',2024,3,7,'July',4,5,'Thursday',1),(20240705,'2024-07-05',2024,3,7,'July',5,6,'Friday',0),(20240706,'2024-07-06',2024,3,7,'July',6,7,'Saturday',0),(20240707,'2024-07-07',2024,3,7,'July',7,1,'Sunday',0),(20240708,'2024-07-08',2024,3,7,'July',8,2,'Monday',0),(20240709,'2024-07-09',2024,3,7,'July',9,3,'Tuesday',0),(20240710,'2024-07-10',2024,3,7,'July',10,4,'Wednesday',0),(20240711,'2024-07-11',2024,3,7,'July',11,5,'Thursday',0),(20240712,'2024-07-12',2024,3,7,'July',12,6,'Friday',0),(20240713,'2024-07-13',2024,3,7,'July',13,7,'Saturday',0),(20240714,'2024-07-14',2024,3,7,'July',14,1,'Sunday',0),(20240715,'2024-07-15',2024,3,7,'July',15,2,'Monday',0),(20240716,'2024-07-16',2024,3,7,'July',16,3,'Tuesday',0),(20240717,'2024-07-17',2024,3,7,'July',17,4,'Wednesday',0),(20240718,'2024-07-18',2024,3,7,'July',18,5,'Thursday',0),(20240719,'2024-07-19',2024,3,7,'July',19,6,'Friday',0),(20240720,'2024-07-20',2024,3,7,'July',20,7,'Saturday',0),(20240721,'2024-07-21',2024,3,7,'July',21,1,'Sunday',0),(20240722,'2024-07-22',2024,3,7,'July',22,2,'Monday',0),(20240723,'2024-07-23',2024,3,7,'July',23,3,'Tuesday',0),(20240724,'2024-07-24',2024,3,7,'July',24,4,'Wednesday',0),(20240725,'2024-07-25',2024,3,7,'July',25,5,'Thursday',0),(20240726,'2024-07-26',2024,3,7,'July',26,6,'Friday',0),(20240727,'2024-07-27',2024,3,7,'July',27,7,'Saturday',0),(20240728,'2024-07-28',2024,3,7,'July',28,1,'Sunday',0),(20240729,'2024-07-29',2024,3,7,'July',29,2,'Monday',0),(20240730,'2024-07-30',2024,3,7,'July',30,3,'Tuesday',0),(20240731,'2024-07-31',2024,3,7,'July',31,4,'Wednesday',0),(20240801,'2024-08-01',2024,3,8,'August',1,5,'Thursday',0),(20240802,'2024-08-02',2024,3,8,'August',2,6,'Friday',0),(20240803,'2024-08-03',2024,3,8,'August',3,7,'Saturday',0),(20240804,'2024-08-04',2024,3,8,'August',4,1,'Sunday',0),(20240805,'2024-08-05',2024,3,8,'August',5,2,'Monday',0),(20240806,'2024-08-06',2024,3,8,'August',6,3,'Tuesday',0),(20240807,'2024-08-07',2024,3,8,'August',7,4,'Wednesday',0),(20240808,'2024-08-08',2024,3,8,'August',8,5,'Thursday',0),(20240809,'2024-08-09',2024,3,8,'August',9,6,'Friday',0),(20240810,'2024-08-10',2024,3,8,'August',10,7,'Saturday',0),(20240811,'2024-08-11',2024,3,8,'August',11,1,'Sunday',0),(20240812,'2024-08-12',2024,3,8,'August',12,2,'Monday',0),(20240813,'2024-08-13',2024,3,8,'August',13,3,'Tuesday',0),(20240814,'2024-08-14',2024,3,8,'August',14,4,'Wednesday',0),(20240815,'2024-08-15',2024,3,8,'August',15,5,'Thursday',0),(20240816,'2024-08-16',2024,3,8,'August',16,6,'Friday',0),(20240817,'2024-08-17',2024,3,8,'August',17,7,'Saturday',0),(20240818,'2024-08-18',2024,3,8,'August',18,1,'Sunday',0),(20240819,'2024-08-19',2024,3,8,'August',19,2,'Monday',0),(20240820,'2024-08-20',2024,3,8,'August',20,3,'Tuesday',0),(20240821,'2024-08-21',2024,3,8,'August',21,4,'Wednesday',0),(20240822,'2024-08-22',2024,3,8,'August',22,5,'Thursday',0),(20240823,'2024-08-23',2024,3,8,'August',23,6,'Friday',0),(20240824,'2024-08-24',2024,3,8,'August',24,7,'Saturday',0),(20240825,'2024-08-25',2024,3,8,'August',25,1,'Sunday',0),(20240826,'2024-08-26',2024,3,8,'August',26,2,'Monday',0),(20240827,'2024-08-27',2024,3,8,'August',27,3,'Tuesday',0),(20240828,'2024-08-28',2024,3,8,'August',28,4,'Wednesday',0),(20240829,'2024-08-29',2024,3,8,'August',29,5,'Thursday',0),(20240830,'2024-08-30',2024,3,8,'August',30,6,'Friday',0),(20240831,'2024-08-31',2024,3,8,'August',31,7,'Saturday',0),(20240901,'2024-09-01',2024,3,9,'September',1,1,'Sunday',0),(20240902,'2024-09-02',2024,3,9,'September',2,2,'Monday',0),(20240903,'2024-09-03',2024,3,9,'September',3,3,'Tuesday',0),(20240904,'2024-09-04',2024,3,9,'September',4,4,'Wednesday',0),(20240905,'2024-09-05',2024,3,9,'September',5,5,'Thursday',0),(20240906,'2024-09-06',2024,3,9,'September',6,6,'Friday',0),(20240907,'2024-09-07',2024,3,9,'September',7,7,'Saturday',0),(20240908,'2024-09-08',2024,3,9,'September',8,1,'Sunday',0),(20240909,'2024-09-09',2024,3,9,'September',9,2,'Monday',0),(20240910,'2024-09-10',2024,3,9,'September',10,3,'Tuesday',0),(20240911,'2024-09-11',2024,3,9,'September',11,4,'Wednesday',0),(20240912,'2024-09-12',2024,3,9,'September',12,5,'Thursday',0),(20240913,'2024-09-13',2024,3,9,'September',13,6,'Friday',0),(20240914,'2024-09-14',2024,3,9,'September',14,7,'Saturday',0),(20240915,'2024-09-15',2024,3,9,'September',15,1,'Sunday',0),(20240916,'2024-09-16',2024,3,9,'September',16,2,'Monday',0),(20240917,'2024-09-17',2024,3,9,'September',17,3,'Tuesday',0),(20240918,'2024-09-18',2024,3,9,'September',18,4,'Wednesday',0),(20240919,'2024-09-19',2024,3,9,'September',19,5,'Thursday',0),(20240920,'2024-09-20',2024,3,9,'September',20,6,'Friday',0),(20240921,'2024-09-21',2024,3,9,'September',21,7,'Saturday',0),(20240922,'2024-09-22',2024,3,9,'September',22,1,'Sunday',0),(20240923,'2024-09-23',2024,3,9,'September',23,2,'Monday',0),(20240924,'2024-09-24',2024,3,9,'September',24,3,'Tuesday',0),(20240925,'2024-09-25',2024,3,9,'September',25,4,'Wednesday',0),(20240926,'2024-09-26',2024,3,9,'September',26,5,'Thursday',0),(20240927,'2024-09-27',2024,3,9,'September',27,6,'Friday',0),(20240928,'2024-09-28',2024,3,9,'September',28,7,'Saturday',0),(20240929,'2024-09-29',2024,3,9,'September',29,1,'Sunday',0),(20240930,'2024-09-30',2024,3,9,'September',30,2,'Monday',0),(20241001,'2024-10-01',2024,4,10,'October',1,3,'Tuesday',0),(20241002,'2024-10-02',2024,4,10,'October',2,4,'Wednesday',0),(20241003,'2024-10-03',2024,4,10,'October',3,5,'Thursday',0),(20241004,'2024-10-04',2024,4,10,'October',4,6,'Friday',0),(20241005,'2024-10-05',2024,4,10,'October',5,7,'Saturday',0),(20241006,'2024-10-06',2024,4,10,'October',6,1,'Sunday',0),(20241007,'2024-10-07',2024,4,10,'October',7,2,'Monday',0),(20241008,'2024-10-08',2024,4,10,'October',8,3,'Tuesday',0),(20241009,'2024-10-09',2024,4,10,'October',9,4,'Wednesday',0),(20241010,'2024-10-10',2024,4,10,'October',10,5,'Thursday',0),(20241011,'2024-10-11',2024,4,10,'October',11,6,'Friday',0),(20241012,'2024-10-12',2024,4,10,'October',12,7,'Saturday',0),(20241013,'2024-10-13',2024,4,10,'October',13,1,'Sunday',0),(20241014,'2024-10-14',2024,4,10,'October',14,2,'Monday',0),(20241015,'2024-10-15',2024,4,10,'October',15,3,'Tuesday',0),(20241016,'2024-10-16',2024,4,10,'October',16,4,'Wednesday',0),(20241017,'2024-10-17',2024,4,10,'October',17,5,'Thursday',0),(20241018,'2024-10-18',2024,4,10,'October',18,6,'Friday',0),(20241019,'2024-10-19',2024,4,10,'October',19,7,'Saturday',0),(20241020,'2024-10-20',2024,4,10,'October',20,1,'Sunday',0),(20241021,'2024-10-21',2024,4,10,'October',21,2,'Monday',0),(20241022,'2024-10-22',2024,4,10,'October',22,3,'Tuesday',0),(20241023,'2024-10-23',2024,4,10,'October',23,4,'Wednesday',0),(20241024,'2024-10-24',2024,4,10,'October',24,5,'Thursday',0),(20241025,'2024-10-25',2024,4,10,'October',25,6,'Friday',0),(20241026,'2024-10-26',2024,4,10,'October',26,7,'Saturday',0),(20241027,'2024-10-27',2024,4,10,'October',27,1,'Sunday',0),(20241028,'2024-10-28',2024,4,10,'October',28,2,'Monday',0),(20241029,'2024-10-29',2024,4,10,'October',29,3,'Tuesday',0),(20241030,'2024-10-30',2024,4,10,'October',30,4,'Wednesday',0),(20241031,'2024-10-31',2024,4,10,'October',31,5,'Thursday',1),(20241101,'2024-11-01',2024,4,11,'November',1,6,'Friday',0),(20241102,'2024-11-02',2024,4,11,'November',2,7,'Saturday',0),(20241103,'2024-11-03',2024,4,11,'November',3,1,'Sunday',0),(20241104,'2024-11-04',2024,4,11,'November',4,2,'Monday',0),(20241105,'2024-11-05',2024,4,11,'November',5,3,'Tuesday',0),(20241106,'2024-11-06',2024,4,11,'November',6,4,'Wednesday',0),(20241107,'2024-11-07',2024,4,11,'November',7,5,'Thursday',0),(20241108,'2024-11-08',2024,4,11,'November',8,6,'Friday',0),(20241109,'2024-11-09',2024,4,11,'November',9,7,'Saturday',0),(20241110,'2024-11-10',2024,4,11,'November',10,1,'Sunday',0),(20241111,'2024-11-11',2024,4,11,'November',11,2,'Monday',1),(20241112,'2024-11-12',2024,4,11,'November',12,3,'Tuesday',0),(20241113,'2024-11-13',2024,4,11,'November',13,4,'Wednesday',0),(20241114,'2024-11-14',2024,4,11,'November',14,5,'Thursday',0),(20241115,'2024-11-15',2024,4,11,'November',15,6,'Friday',0),(20241116,'2024-11-16',2024,4,11,'November',16,7,'Saturday',0),(20241117,'2024-11-17',2024,4,11,'November',17,1,'Sunday',0),(20241118,'2024-11-18',2024,4,11,'November',18,2,'Monday',0),(20241119,'2024-11-19',2024,4,11,'November',19,3,'Tuesday',0),(20241120,'2024-11-20',2024,4,11,'November',20,4,'Wednesday',0),(20241121,'2024-11-21',2024,4,11,'November',21,5,'Thursday',0),(20241122,'2024-11-22',2024,4,11,'November',22,6,'Friday',0),(20241123,'2024-11-23',2024,4,11,'November',23,7,'Saturday',0),(20241124,'2024-11-24',2024,4,11,'November',24,1,'Sunday',0),(20241125,'2024-11-25',2024,4,11,'November',25,2,'Monday',0),(20241126,'2024-11-26',2024,4,11,'November',26,3,'Tuesday',0),(20241127,'2024-11-27',2024,4,11,'November',27,4,'Wednesday',0),(20241128,'2024-11-28',2024,4,11,'November',28,5,'Thursday',0),(20241129,'2024-11-29',2024,4,11,'November',29,6,'Friday',0),(20241130,'2024-11-30',2024,4,11,'November',30,7,'Saturday',0),(20241201,'2024-12-01',2024,4,12,'December',1,1,'Sunday',0),(20241202,'2024-12-02',2024,4,12,'December',2,2,'Monday',0),(20241203,'2024-12-03',2024,4,12,'December',3,3,'Tuesday',0),(20241204,'2024-12-04',2024,4,12,'December',4,4,'Wednesday',0),(20241205,'2024-12-05',2024,4,12,'December',5,5,'Thursday',0),(20241206,'2024-12-06',2024,4,12,'December',6,6,'Friday',0),(20241207,'2024-12-07',2024,4,12,'December',7,7,'Saturday',0),(20241208,'2024-12-08',2024,4,12,'December',8,1,'Sunday',0),(20241209,'2024-12-09',2024,4,12,'December',9,2,'Monday',0),(20241210,'2024-12-10',2024,4,12,'December',10,3,'Tuesday',0),(20241211,'2024-12-11',2024,4,12,'December',11,4,'Wednesday',0),(20241212,'2024-12-12',2024,4,12,'December',12,5,'Thursday',0),(20241213,'2024-12-13',2024,4,12,'December',13,6,'Friday',0),(20241214,'2024-12-14',2024,4,12,'December',14,7,'Saturday',0),(20241215,'2024-12-15',2024,4,12,'December',15,1,'Sunday',0),(20241216,'2024-12-16',2024,4,12,'December',16,2,'Monday',0),(20241217,'2024-12-17',2024,4,12,'December',17,3,'Tuesday',0),(20241218,'2024-12-18',2024,4,12,'December',18,4,'Wednesday',0),(20241219,'2024-12-19',2024,4,12,'December',19,5,'Thursday',0),(20241220,'2024-12-20',2024,4,12,'December',20,6,'Friday',0),(20241221,'2024-12-21',2024,4,12,'December',21,7,'Saturday',0),(20241222,'2024-12-22',2024,4,12,'December',22,1,'Sunday',0),(20241223,'2024-12-23',2024,4,12,'December',23,2,'Monday',0),(20241224,'2024-12-24',2024,4,12,'December',24,3,'Tuesday',0),(20241225,'2024-12-25',2024,4,12,'December',25,4,'Wednesday',1),(20241226,'2024-12-26',2024,4,12,'December',26,5,'Thursday',0),(20241227,'2024-12-27',2024,4,12,'December',27,6,'Friday',0),(20241228,'2024-12-28',2024,4,12,'December',28,7,'Saturday',0),(20241229,'2024-12-29',2024,4,12,'December',29,1,'Sunday',0),(20241230,'2024-12-30',2024,4,12,'December',30,2,'Monday',0),(20241231,'2024-12-31',2024,4,12,'December',31,3,'Tuesday',0),(20250101,'2025-01-01',2025,1,1,'January',1,4,'Wednesday',1);
/*!40000 ALTER TABLE `dimdates` ENABLE KEYS */;
UNLOCK TABLES;

--
-- Table structure for table `itemamenities`
--

DROP TABLE IF EXISTS `itemamenities`;
/*!40101 SET @saved_cs_client     = @@character_set_client */;
/*!50503 SET character_set_client = utf8mb4 */;
CREATE TABLE `itemamenities` (
  `ID` bigint NOT NULL,
  `GUID` varchar(64) NOT NULL,
  `ItemID` bigint NOT NULL,
  `AmenityID` bigint NOT NULL,
  PRIMARY KEY (`ID`),
  KEY `FK_PlaceAmenities_Places` (`ItemID`),
  KEY `FK_PlaceAmenities_Amenities` (`AmenityID`),
  CONSTRAINT `FK_PlaceAmenities_Amenities` FOREIGN KEY (`AmenityID`) REFERENCES `amenities` (`ID`),
  CONSTRAINT `FK_PlaceAmenities_Places` FOREIGN KEY (`ItemID`) REFERENCES `items` (`ID`)
) ENGINE=InnoDB DEFAULT CHARSET=utf8mb4 COLLATE=utf8mb4_0900_ai_ci;
/*!40101 SET character_set_client = @saved_cs_client */;

--
-- Dumping data for table `itemamenities`
--

LOCK TABLES `itemamenities` WRITE;
/*!40000 ALTER TABLE `itemamenities` DISABLE KEYS */;
INSERT INTO `itemamenities` VALUES (1,'D71E48F1-A38F-40E5-9185-54635F8276B6',5,1),(2,'CA76FCD9-120C-42E9-8E09-FE90010050BF',7,1),(3,'DDEA27C2-B94A-410D-B047-2B695B237B9A',12,1),(4,'921AB7F2-1396-446E-A894-B0B20F1CC06A',15,1),(5,'5563C1B6-F522-4343-8C4A-EAB3E6E27916',17,1),(6,'D6C3CABE-2510-47AF-AD7E-EAF978CAED97',18,1),(7,'6A531C19-9126-423E-8687-14F8085F6DFF',21,1),(8,'E9FA56DB-7469-490B-B735-A4BBD2A6FE6F',23,1),(9,'1D5C026D-9081-4C7F-9BF4-C194F718717B',24,1),(10,'D209E504-4358-48C1-804E-3F8D4D3D43A5',5,2),(12,'9F510A52-A328-4D02-B027-20C0A32A035B',9,2),(13,'5ABF5036-BB46-49BA-9496-3F2EA4184A17',11,2),(14,'F5ADFCFD-12EA-4B7B-BF2A-BA5EFB95D676',12,2),(15,'FF74BC1C-0E33-4FB8-88A5-BC8912E79518',14,2),(16,'D72E984E-00BE-420B-9A6C-4FA2FB4DFFE9',15,2),(17,'6E09EC2B-B768-4DFA-819D-784FD3B9DABB',23,2),(18,'692E5C75-7AF9-461B-81FE-6B210F848081',2,3),(19,'A3CAC984-9B12-4B60-99EB-35CAA3AF4B8E',3,3),(21,'99613D37-0211-4025-8382-D4CE32C67F1E',9,3),(22,'368A0576-E396-4FDB-9601-BDAAB9A3C579',12,3),(23,'4B6C52C6-FBC0-4D35-B85C-B7C7E153DD7C',14,3),(24,'B2B18E34-475D-4E3F-A888-C2ABAFE0951D',15,3),(25,'9DED17FC-1616-4574-A780-9A0D5D5F99B7',17,3),(26,'3191D66B-A412-4DB8-A333-1EA746FBF5BD',18,3),(27,'DB01CC5E-2575-414B-B70D-62B24DC450FF',20,3),(28,'3D261A42-D7A6-44CC-B78A-25443A834F56',23,3),(29,'8774EB13-CA05-482E-8642-575CA70C64FC',25,3),(30,'A1549613-4487-4A6C-B114-CF7E0A4177DC',3,4),(31,'B42DFDB6-06C4-4885-B9DB-EADDB1AA6A80',4,4),(32,'07780B14-8D8C-4E50-8E49-50685FD544B0',5,4),(33,'52936B74-624B-4689-8920-A67DB694C256',7,4),(34,'C8567CBF-510B-4B36-A73B-029DFD5B1997',9,4),(35,'4C6F8014-4148-448E-93BC-BA9EFEC7997B',12,4),(36,'5293D5C1-0D8D-4E04-AD30-262A4CB433DC',14,4),(37,'54F5330F-C6A9-463E-A59B-AD9771CD74C6',17,4),(38,'D082F39F-F130-4ED3-979A-F49719C77D38',18,4),(39,'56F84957-3633-41D7-AE3A-7ADE58C805B4',21,4),(40,'AAEF85E7-2F46-4B8A-91CB-AF96ABFBDA1A',23,4),(41,'D4269D73-B2E4-4B8A-889B-7C9239E16628',25,4),(42,'1E238A99-4F18-4D2A-B194-24EDC7B7451D',2,5),(44,'9E2E108F-A692-4739-9F45-CA5FB57CAC10',13,5),(45,'DE04D039-5A1A-41F0-AA07-D5EC24C3C0DC',14,5),(46,'CBE99385-C571-45B2-A20A-058606D8A832',17,5),(47,'CA7737EB-50CE-442F-9D4D-2B203AFB6589',19,5),(48,'25F94D2C-9C32-4B13-BAD8-465966C913B2',25,5),(49,'74948687-9A05-487E-9C82-6DA5E2077BCB',2,6),(50,'8FC82FEF-6000-4471-891B-A3320B030DEA',3,6),(51,'59952E50-A45E-4C77-8EB4-B70C634B1A73',5,6),(53,'832DCE2D-C043-431D-811A-AE02CDCF1F94',9,6),(54,'3D0ABB0E-0A96-42FE-9927-966FEBFE048D',10,6),(55,'D1D74B1F-82A0-4DF7-87FB-E4A6C89B6557',20,6),(56,'AFA5CE82-3170-4B24-9D79-3D60F08F3035',3,7),(58,'D36E39ED-1746-4A72-B41C-993C0BC434C0',8,7),(59,'BC5D3A4C-5DE7-4214-8C28-833F2660B254',9,7),(60,'1AD81CF1-739E-4157-9E13-143DAC2230C8',13,7),(61,'75EC42FD-3A45-4087-BE30-1BAD8BED94B5',19,7),(62,'423EE6A4-D92A-4CD7-88EE-B048867E5894',20,7),(63,'BBC581C6-7DE1-4B85-AF86-D4BB767C73E8',24,7),(64,'6C7E80C1-6D89-4E99-8C27-0D05693020BC',3,8),(65,'D2B1CDB8-D568-4628-B4E9-35004EFB812B',10,8),(68,'214357EF-189C-4FD6-BA6A-35A1A438C804',10,9),(69,'8283A9DF-F88E-4BCB-A74D-756439198D8E',11,9),(70,'6549576E-8DF8-4283-A5D0-935E7CF28BA3',20,9),(72,'6D87BBB8-FCC2-46F3-9829-DEE6440FC599',3,10),(73,'D04A8FCB-178B-4E2F-9762-45E86DD862D8',7,10),(74,'5AAAFD6F-C80B-44A3-AE22-85FCA2A49476',9,10),(75,'1411C446-7700-4E32-BE05-E9655FDBBFC9',11,10),(76,'A0704D44-D1E1-46B3-8E71-0D3060CB0413',17,10),(77,'111C6A69-BCD0-4F92-990A-E088391F4AEC',23,10),(78,'ECB639CB-012F-4190-8214-16DF203A5648',10,11),(79,'6C33EB8E-3749-49EB-9AC4-8CBEACBC03F2',11,11),(80,'DB3A223B-AA7B-4106-A054-AF508F34B1DC',20,11),(81,'22C08F4E-A5E2-4BED-B8D6-9D16CADE9345',24,11);
/*!40000 ALTER TABLE `itemamenities` ENABLE KEYS */;
UNLOCK TABLES;

--
-- Table structure for table `itemattractions`
--

DROP TABLE IF EXISTS `itemattractions`;
/*!40101 SET @saved_cs_client     = @@character_set_client */;
/*!50503 SET character_set_client = utf8mb4 */;
CREATE TABLE `itemattractions` (
  `ID` bigint NOT NULL,
  `GUID` varchar(64) NOT NULL,
  `ItemID` bigint NOT NULL,
  `AttractionID` bigint NOT NULL,
  `Distance` decimal(5,1) DEFAULT NULL,
  `DurationOnFoot` bigint DEFAULT NULL,
  `DurationByCar` bigint DEFAULT NULL,
  PRIMARY KEY (`ID`),
  KEY `FK_PlaceSightseeingLocations_Places` (`ItemID`),
  KEY `FK_PlaceSightseeingLocations_SightseeingLocations` (`AttractionID`),
  CONSTRAINT `FK_PlaceSightseeingLocations_Places` FOREIGN KEY (`ItemID`) REFERENCES `items` (`ID`),
  CONSTRAINT `FK_PlaceSightseeingLocations_SightseeingLocations` FOREIGN KEY (`AttractionID`) REFERENCES `attractions` (`ID`)
) ENGINE=InnoDB DEFAULT CHARSET=utf8mb4 COLLATE=utf8mb4_0900_ai_ci;
/*!40101 SET character_set_client = @saved_cs_client */;

--
-- Dumping data for table `itemattractions`
--

LOCK TABLES `itemattractions` WRITE;
/*!40000 ALTER TABLE `itemattractions` DISABLE KEYS */;
INSERT INTO `itemattractions` VALUES (2,'14D11E4A-26AF-46B0-9D78-BBDD4C13E779',4,3,88.1,141,9),(3,'A6194820-2B14-46EA-984C-BCFD3A1E98E7',7,3,34.8,76,22),(4,'9709CB20-D032-47B6-9BF5-A90161594318',9,4,17.6,97,40),(5,'B1A9D4B3-A77F-4A90-BEA4-0E9C8179958E',19,5,62.2,113,18),(6,'AA5187E4-EA94-4CEA-8F05-A4C0D19E1584',23,6,55.4,112,35),(7,'CBC8B005-799C-48B7-9970-87890825AC5C',25,6,0.9,82,11),(8,'9DD32A21-F4CB-488E-9014-43DD68BC0B49',2,7,12.9,145,35),(9,'5A90713E-884F-4343-A958-E72476177486',21,7,8.2,164,25),(10,'DF16ECC9-3B22-4B54-BB9C-F470DA93F2FC',3,8,63.6,88,13),(11,'7EE94503-4F60-4CBC-8AD7-2F826DD5DABC',15,8,79.3,88,29),(12,'AD51D6D4-3D9D-4A70-B431-E951B582F64B',5,9,30.4,94,7),(13,'876AF7C8-D939-42B3-A622-8FB608B7FB7C',8,9,41.1,124,43),(14,'54FDDFBE-C327-4865-A24E-A6436C8E323D',9,9,51.4,139,46),(15,'170F4EF8-7B0C-4703-BB77-80B6AEEBD3B4',19,11,68.4,106,33),(16,'2ED93334-1163-49CA-9534-7B9971710871',3,12,50.1,66,23),(17,'A67CF5B6-5620-4730-83C5-F9E3475B5DBA',15,12,58.3,122,15),(18,'264EDF99-4439-47B5-9F4F-93B99C0AE3E3',19,12,29.1,58,6),(19,'BEE4E09B-9C21-432D-A453-430167D472E6',23,12,40.2,142,35),(20,'6DD853E9-5B83-42E0-B0D9-32977570D566',3,13,26.1,149,49),(21,'BCA6856A-8858-4B41-8F70-4E744EF1538C',11,15,64.5,105,23),(22,'14791BE8-6539-48F0-9B89-07EFC7647769',23,16,83.6,103,29),(23,'CD9409B2-1DEF-4E2F-BC6A-A9B70F0A0471',11,17,82.1,163,39),(24,'0FCF36D8-2A3F-4AEB-A7B8-DCCDFFF87471',17,17,84.4,91,30),(25,'E0B86715-D95C-4998-8398-0BF1FFC6529D',15,19,55.1,103,37),(26,'52F54637-D300-4505-86E0-04D41AB0EFE8',11,20,13.6,138,23),(27,'991FFD79-440F-40B1-A2FA-2F7E971B3061',12,21,93.4,101,46),(28,'FE779F52-08CB-4778-BBB9-964D5039DA04',19,21,69.3,155,16),(29,'1C8465CC-9AE9-45D5-B670-9D85FEFB58DD',24,21,87.3,69,35),(30,'BBC56666-DE55-439F-9FB8-34AC5AA42F5D',25,21,90.2,100,10),(31,'25265D29-8157-45FD-992C-14DFA7C521D9',5,23,78.1,166,14),(32,'A4136572-9D1E-40EE-87E7-639E62D90DE4',4,24,62.5,64,33),(33,'36A2FEE6-733F-4F9C-B73A-19E3F2024B46',11,24,45.2,139,44),(34,'BC61BF97-1FED-41FA-AB04-2A0A23EA9391',14,24,29.8,91,10),(35,'8A3D8FFC-D40C-4F72-A389-0F0E5F22280A',23,24,53.3,148,15),(36,'4D34E7D4-1ECB-4C6E-B43D-1E941FA3A579',8,25,54.6,126,26),(37,'DCDAA0F4-547C-472B-B9FB-69C6B533FC20',21,26,5.4,76,29),(38,'204B9D11-45F0-4F22-A391-682B28067A50',25,26,48.3,66,24),(39,'91B64195-3F07-45BB-B92E-EEA35BE7FEB4',25,27,48.1,145,43),(40,'F141A0A4-B84C-4B00-8BD4-93139B7F54D7',20,28,18.9,78,41),(41,'76C76098-7837-4DF7-8148-B45485CFD752',3,30,16.3,150,11),(42,'E3742582-5BC6-4986-A644-167713FB668F',21,30,10.2,64,41),(43,'E49F06C3-95B0-4EBD-AC79-94DD9A4C2F7F',8,31,16.8,97,36),(44,'C1711528-D736-4A90-A5B0-BF2B0DA4892D',18,32,6.2,162,47),(45,'ECFDC55A-64C8-42B1-A72A-9536770A671B',20,32,12.0,94,35),(46,'2447654E-E42C-4209-9319-4E550E8DE00D',10,33,79.8,121,6),(47,'6B466C15-F5AE-494E-92B2-F70C06977C2B',11,34,55.6,121,13),(48,'6C5FD727-F3E3-40D5-9E15-5DA783F56F35',4,36,0.5,162,38),(49,'9D7DD09F-2307-4B4F-8434-E9CDE2098A48',14,36,64.6,116,24),(50,'D4FBFCF9-2824-4B66-ABB5-BEA78942903B',20,36,6.1,105,33),(51,'1B7A56B6-D467-4251-B0A1-591596C4C055',4,38,99.2,114,39),(52,'82A3498B-0AFE-482E-A743-87FA1D7A36B0',8,39,3.7,161,24),(53,'D1673D21-48AE-4934-A07D-82DBA8EDCA50',14,39,62.6,154,38),(54,'0E436D8D-8CA9-4FA5-A7A5-E73DB5988E8A',24,39,71.3,80,29),(55,'CBE0291F-DCDC-4F28-AB46-EE2227B897DC',2,40,73.1,83,35),(56,'CBAB754C-C40A-4FBE-BA7B-3110A8E725B5',13,40,67.8,122,45),(57,'9D3DEAEA-DE50-4C18-A350-584E62156AA5',18,40,13.6,97,13),(58,'628231C4-DFAB-494C-807F-0FD79C52943A',9,41,25.8,54,21),(59,'E4906F11-1614-4954-9487-66629C101D3F',13,42,18.5,115,37),(60,'E8B24872-D43F-4F3A-89FD-00C88F411288',2,43,28.7,141,26),(61,'7D3C5D13-0C99-45E7-AE75-5168C1262908',7,43,63.6,103,33),(62,'93A961FC-0B59-42FB-BCA0-89D41ECDC022',14,43,9.1,108,41),(63,'36DFDACB-E21F-48F0-94BA-6B77C228CBBA',5,45,10.5,59,28),(64,'19FA8CEA-6F56-4208-8D5E-94E72BFAE655',24,45,26.7,129,26),(65,'AB2FDFAF-CD1C-400E-92BF-01895F23A1B8',11,47,92.4,97,40),(66,'FB5ADACC-CA79-44FE-8DB1-777D536053C7',14,47,95.5,112,27),(67,'97D3AF2B-0F8D-437D-8D96-3271890CF686',19,49,22.8,108,41),(68,'A1A70E6B-C2A0-4DF2-85F0-8775966D45ED',8,50,68.0,67,19),(69,'29CE23B7-5911-4952-AC49-CED9002DFEF0',15,51,93.4,59,8),(70,'397B0CA5-8364-49B8-A967-3879839918EF',18,52,99.0,156,11),(71,'F2128CBF-28ED-464F-9E1D-ADFD4BBFED55',20,54,0.0,114,11),(72,'78980961-0293-461B-8A5B-28FF167346A0',5,55,78.8,129,9),(73,'49E8627C-20D6-4123-A27E-94BEB60FDE24',17,55,34.0,120,49),(74,'2DCE484B-53B3-4FED-88E4-399EC893A988',24,55,72.8,126,11),(75,'03FB2260-5754-437B-BB0B-414AF557A008',25,55,94.8,88,42),(76,'66CFC836-B7AF-4A9B-BDBB-EF60087CE565',2,57,24.3,166,33),(77,'9322B97A-6140-4F39-A640-649C1FAECCD6',8,57,49.4,75,41),(78,'97FB1553-E454-48EF-BF25-313A2886E3E2',23,57,41.9,131,25),(79,'F5288B49-82BC-4C7F-A4A4-60ACF9DDDAB1',12,58,77.1,71,14),(80,'4C3D54ED-D1A3-4F16-B982-202831FA1BF4',13,58,84.0,131,22),(81,'E6968075-1E19-4CC7-BC56-986BA2C19DD0',13,59,79.4,131,45),(82,'8B85B293-57F6-4DBB-8AD7-581B79818477',4,60,28.5,105,9),(83,'30025947-CCD1-4694-BCC7-E7E554AB93D8',7,60,98.8,135,13),(84,'CD4CA987-8C40-4554-9BD4-9CFB68E852FD',19,62,86.0,61,6),(85,'3CA821EB-9AB7-465E-A9E7-5059F645D97A',17,63,96.5,117,12),(86,'9054FBAA-E59B-4B10-9F77-D612C97639A6',18,63,51.5,109,6),(87,'FB1AF322-6BF9-47FD-B625-820A62A6EA60',23,64,73.5,70,34),(88,'7246E23D-8A40-4423-87FF-B5A35505F573',9,66,71.8,148,42),(89,'56DE5559-757E-4576-BBB2-BBC61C04C707',11,67,23.9,56,41),(90,'D3A61C4D-C1BD-4DDF-A034-6E09CEA474FF',19,67,60.7,149,48),(91,'0F9F017B-6008-455B-9797-E1DF0CF3143D',12,68,88.0,145,27),(92,'84120883-D306-45BE-B8F0-B0703B71C80B',24,68,21.0,164,19),(93,'B1DC06CF-369B-4000-8B85-7E4E77DD55FD',9,69,7.6,78,38),(94,'F5442AFA-066D-448B-AC84-98D8F53DA5AF',14,69,20.0,57,16),(95,'18726802-2D47-4A14-B14E-C78434611C72',9,70,72.9,150,8),(96,'683F266A-2537-4809-8577-AFED61DDF2AE',19,70,47.7,138,26),(97,'DB57F66E-F221-4336-AADC-6DF097C290D1',25,70,36.5,89,18),(98,'B1ECD989-960F-44CA-9026-88047CF1B280',3,71,17.4,106,8),(99,'36ADA291-7BB6-4B2B-8FE7-BDE333D1E0EE',4,71,56.4,66,41),(100,'3C407050-9A17-4165-AE87-CA27AB64D38F',8,71,56.1,74,41),(101,'2E28CA47-921C-404D-915F-81F4FBFC8BCE',17,71,25.0,57,16),(102,'A84BFE48-5D12-4493-A256-4778EE2F3585',23,71,79.3,76,48),(103,'24868F2D-D183-473F-B7B3-68B7E19B81BD',9,72,59.9,60,30),(104,'E47E13F9-1004-47F5-8119-D7816E4D8298',17,73,28.0,150,44),(105,'68E3DB9E-D556-4290-9AB5-B6BB81B0BF20',21,74,3.3,59,46),(106,'72FB6A66-ED5D-4BEF-A459-A909B06C7805',23,74,51.3,104,16),(107,'F4A6B582-C6ED-4367-ACC6-F99AB810E879',9,75,62.3,170,11),(108,'A7354E98-101F-4F56-88A3-04C6E5C08741',15,75,13.8,71,41),(109,'FFC62113-9A66-40D8-85B8-6B38BA96C038',23,75,90.8,125,25),(110,'44253E83-EEC1-4136-B741-0D59455C0B9E',17,77,89.2,142,25),(111,'EAFAB95A-BC95-4C74-8E3E-83382E0E829D',2,78,70.8,76,39),(112,'E9EE2C13-8FBA-41D3-98CA-A2D7B8BCC750',8,78,4.1,170,43),(113,'2BAB8A3F-6D66-4297-A0EC-F3A245AA4EA1',3,79,37.5,159,35),(114,'4A909C78-647F-4400-AC83-8C4D7DB1C9E2',9,80,3.6,153,46);
/*!40000 ALTER TABLE `itemattractions` ENABLE KEYS */;
UNLOCK TABLES;

--
-- Table structure for table `itempictures`
--

DROP TABLE IF EXISTS `itempictures`;
/*!40101 SET @saved_cs_client     = @@character_set_client */;
/*!50503 SET character_set_client = utf8mb4 */;
CREATE TABLE `itempictures` (
  `ID` bigint NOT NULL,
  `GUID` varchar(64) NOT NULL,
  `ItemID` bigint NOT NULL,
  `PictureFileName` varchar(500) NOT NULL,
  PRIMARY KEY (`ID`),
  KEY `FK_PlacePictures_Places` (`ItemID`),
  CONSTRAINT `FK_PlacePictures_Places` FOREIGN KEY (`ItemID`) REFERENCES `items` (`ID`)
) ENGINE=InnoDB DEFAULT CHARSET=utf8mb4 COLLATE=utf8mb4_0900_ai_ci;
/*!40101 SET character_set_client = @saved_cs_client */;

--
-- Dumping data for table `itempictures`
--

LOCK TABLES `itempictures` WRITE;
/*!40000 ALTER TABLE `itempictures` DISABLE KEYS */;
INSERT INTO `itempictures` VALUES (1,'61CB30F1-828C-4BF5-86D9-89F1504F8F50',3,'130825497.jpg'),(3,'AF89C680-6F42-40A3-B327-C03F7981418D',5,'145356030.jpg'),(5,'649A23C9-1E13-48D4-ADD1-8FF21ECBFE8E',2,'145356040.jpg'),(6,'6C1045CD-26C5-4400-B81F-48FC675337F0',5,'145356047.jpg'),(7,'45BFEF7D-5115-492C-AA3A-76122734B3B8',9,'145356055.jpg'),(8,'C1EBE3A5-CAD0-4AC7-935E-4F8EAE9CE537',2,'145356058.jpg'),(10,'B510E13A-3ED2-439B-A984-490A1D03C958',5,'145356067.jpg'),(11,'F57AB140-E354-4491-A981-8012E95C1794',5,'145356073.jpg'),(12,'EE8101C8-E0B2-4154-B8C2-39D7655E277E',10,'145356086.jpg'),(13,'4B9D8C15-9287-4DBC-ACC0-7A324D584FD9',10,'145356098.jpg'),(15,'C7FCBE62-8A03-45A8-BA73-06B006BA52F6',10,'145356110.jpg'),(17,'555A20C6-FC42-4A2A-A02C-E2CFE1D4DAB2',11,'145356120.jpg'),(18,'60A962E2-F9BA-4092-86CA-EFA4998418FB',12,'145356123.jpg'),(19,'E7F96F08-A422-445B-A76C-79F92DB62D54',12,'145356128.jpg'),(20,'27933008-9CF8-4796-834B-B12952902EB6',10,'145356132.jpg'),(22,'C43E8311-8C3C-4BBC-A5D0-358CA4865E2B',2,'145356138.jpg'),(23,'35C33EB6-2486-48FB-BE08-BEEE8239B89B',19,'145356139.jpg'),(24,'65E7C937-2A8E-43C0-9B50-A52D825D1814',10,'145356143.jpg'),(26,'A4B7ACAA-CF54-4616-BD1F-9497D1B6BA4B',18,'145356146.jpg'),(28,'12BAF2DF-78E2-4101-8388-E62C074D690A',21,'145356150.jpg'),(29,'58FC3106-62D2-4CFB-BBA8-BBA746E61B3B',11,'145356153.jpg'),(30,'27398E9C-9720-43ED-8819-6F2335EDA57A',17,'148268201.jpg'),(31,'89B22A31-23AF-4520-A9B1-7D945CD6DB66',9,'148268204.jpg'),(32,'50CC71C1-2E2E-4E9D-9778-4AA77DBBBA49',12,'148268218.jpg'),(33,'E6E91544-5B81-43BC-A967-731A5F39BD73',11,'148268227.jpg'),(37,'4079023D-5CB7-435F-8038-C3444EBC9FA3',17,'160400126.jpg'),(38,'F7997416-8229-401F-AFCF-4502A2FDCE9F',17,'160400129.jpg'),(39,'40600F6B-33EE-45CF-AA3A-9FA1AED05B92',10,'162056014.jpg'),(40,'24872E2F-91C4-4936-896C-DFC5F501C599',21,'166755002.jpg'),(41,'CE7907CB-1011-4C09-B86F-AEC07A4DE953',2,'177676677.jpg'),(43,'F73F4353-43F5-452D-BBF2-971E3A393F44',5,'227712263.jpg'),(44,'1D31AC8F-0BAB-4E31-89B7-CE1CE22DE952',14,'227712268.jpg'),(45,'441BCBFE-E51D-46DD-B5E1-33D072EDF224',11,'227712296.jpg'),(46,'F92BFAE2-E412-4165-90D0-17B9CF629F96',10,'227712301.jpg'),(47,'BD392B5A-5F09-4859-BC83-DD7BE87736BF',7,'227712304.jpg'),(48,'C38B0A09-FD1A-4A3B-8931-B1318A1EE945',5,'227712308.jpg'),(49,'F4869E26-636B-4C6F-BAD7-8A6ABA442E9E',8,'227712312.jpg'),(50,'4C9F5B81-0637-4725-9B61-00868E9F2CBB',2,'227712315.jpg'),(55,'122406CB-D78C-4C04-974E-4CFFD6E3AAEA',4,'227713306.jpg'),(56,'8F1BBABF-F768-4F74-9602-BB0BFFE0B9B7',9,'227713316.jpg'),(57,'FE8E7383-0A03-4ED5-A82D-BEE252145F0A',8,'229813532.jpg'),(58,'90E15020-6E7C-4FDA-A16E-73EB75E3AEE7',10,'369044203.jpg'),(59,'7AC5DF70-5B12-4D2F-89D6-C23B1F03B346',4,'369044220.jpg'),(60,'E38C9241-36D2-4258-AAEA-412BDF5C5E2C',3,'369044221.jpg'),(61,'A54D2023-13B6-4CFB-BCF1-45C03157B3D3',18,'369044223.jpg'),(62,'083984A1-477D-4B61-9B0D-1EBE9C5ECFFB',15,'369044226.jpg'),(63,'1DD43A2C-EB86-455B-849D-209338B9034F',12,'369044234.jpg'),(64,'0297CFF8-CB99-4F79-824E-CAC6555E6D40',20,'369044235.jpg'),(65,'A3CBE6B9-48F3-4191-B758-A55B26F84978',13,'369044242.jpg'),(66,'4693E2FD-AF66-40BC-9C19-DE5ECE757F36',4,'369044248.jpg'),(68,'8A1B52DB-4313-4818-AC1E-6C7FC1FB96D7',7,'369044266.jpg'),(69,'6CBE802E-BDCC-414B-82A7-B26A1B0453E0',14,'369044271.jpg'),(70,'6D759F6A-C705-42AF-AC1C-4506EC63CFBB',15,'369044284.jpg'),(71,'3D4F3A9D-2387-4C03-B379-9CA3D49E981F',5,'369044290.jpg'),(72,'F8694894-3A64-4544-AF41-D2804C49CF58',12,'379099786.jpg'),(73,'3C7B2708-E426-4066-8879-9D6E984E4287',11,'379100258.jpg'),(74,'450DA142-E3F8-4059-9DEE-9CA88A23AFD5',20,'379101277.jpg'),(76,'ACFE0C66-18FB-42DE-9D63-1C9BD2FC5105',17,'379101427.jpg'),(77,'C388A11E-139F-4E57-AB0C-C02CDEA20B80',12,'379110851.jpg'),(78,'CA3B6876-2A47-4DD7-9A63-20C82B93D65B',12,'379110852.jpg'),(79,'9F8BD0DC-3810-4107-87A4-4970EBE15744',13,'379110855.jpg'),(80,'B75F0EDB-BA95-4351-A736-925C77676801',21,'379110863.jpg'),(81,'2D2829F7-F529-411A-96D0-50273495A4E5',15,'379110864.jpg'),(82,'3811A040-DB2B-4507-A33F-A027563901F8',11,'379110866.jpg'),(84,'B26FFC9A-B322-4A8B-96F0-81BF7964C965',5,'379110869.jpg'),(85,'21945CDD-05EB-452F-926F-67AD5DC72A0A',13,'379110880.jpg'),(86,'9B13E222-019E-4C82-99FC-8938E25862E6',13,'379110885.jpg'),(87,'A6183DF0-2996-4BD1-B96E-C6A029668AB2',4,'379110890.jpg'),(88,'D9CF4A4E-A8AD-4468-89F1-041A8B0D274C',4,'379110897.jpg'),(89,'6CEBC83D-E55C-4E8D-8032-D9838849C358',17,'379110906.jpg'),(90,'5EAD402A-268C-4C00-8173-147B1E90725D',5,'379110907.jpg'),(91,'590C0425-CA8F-411D-A18B-FE453FDB04F7',15,'379110916.jpg'),(92,'4AF30D88-BFAC-4275-BD7A-E402B1FAE264',5,'379110922.jpg'),(93,'EFB5CCA2-176E-4918-86B4-4761F45B312D',17,'387646719.jpg'),(94,'E25B6D86-A86C-4B20-8103-180ACF1C0D4C',10,'387646742.jpg'),(95,'53D113DE-5C2C-4AB6-8AB4-DD622E1BDB29',19,'387646745.jpg'),(96,'70867A81-FFB4-49C8-93E3-ED9F4C3A10EC',12,'387646748.jpg'),(98,'8076A719-D106-4917-AAB9-B5E4542B8A09',2,'387646751.jpg'),(99,'D0C12762-1364-40F9-8B04-312966A3708A',21,'387646755.jpg'),(100,'89B8BDB5-31CF-4FDC-949A-991D1CE4ABF9',14,'387646756.jpg'),(101,'DC31B012-588C-4AFB-9D8F-D6DB5B1C0977',11,'387646757.jpg'),(102,'9A645D06-1083-4278-B5A0-1458A7772266',20,'387646759.jpg'),(103,'A333123E-E878-4B57-9365-4D078C0A485F',21,'387646761.jpg'),(104,'2594F27F-D51E-42F2-93AE-F0BD9BE47BCD',12,'387646764.jpg'),(105,'594E2EB9-8BBB-4F2E-9239-1AA450AC62AD',15,'389140926.jpg'),(106,'A31D6CEE-67D1-4124-9447-07BC295A5C30',3,'389140952.jpg'),(107,'9099A4D7-C7DF-44D3-8F85-162ABE05BA11',3,'389140957.jpg'),(108,'8481A2A1-50C4-456E-B512-5F37D1A6B0DB',7,'389140959.jpg'),(109,'6D1673EA-8606-4CEA-B0BE-5AF66C6466DC',18,'389140961.jpg'),(110,'A0230412-E656-4178-998F-4D97069470D8',14,'389140966.jpg'),(111,'6E498264-78B9-44EF-888E-F6F4E19B1D7E',21,'390445831.jpg'),(112,'C7124FD3-1F91-40AD-8C80-7F32B924C526',20,'390445832.jpg'),(113,'46E2CCE0-DB0C-44AB-BEFC-6964AC6CEE0C',2,'390445845.jpg'),(114,'B20D9D49-A9A4-442D-BA3A-B34D4ACF08EA',13,'390445846.jpg'),(115,'442B88AC-FD7F-484B-B84A-15F5A417AD24',9,'390445850.jpg'),(116,'9861BB99-D89E-4BF8-ABEF-F7F1130A49D8',9,'390445853.jpg'),(117,'C00BE092-DB97-4689-93C2-1C01A395425B',5,'390841891.jpg'),(118,'FCC504D6-3E91-46B3-83E4-52CD030CEEEB',14,'390841893.jpg'),(119,'C5E85101-D6D4-4973-A409-2FD75F5ACFC1',19,'390841894.jpg'),(120,'75CD57D5-B136-4B76-90C8-55236A2BA583',3,'390841895.jpg'),(121,'342FC20B-C92A-4F7F-BD81-BA48864AE4CD',8,'67818803.jpg'),(123,'A0C14B38-4AB7-41BA-9A73-75180B2CE2BB',15,'67818817.jpg'),(124,'DFE06B73-9C50-41AF-9FCC-417A0C7F30DE',13,'67818818.jpg'),(125,'DC431613-6CA3-4732-95A1-E8CA3EF4F95D',2,'67818819.jpg'),(126,'34B94881-6961-4B59-8616-8C111070354E',9,'67884938.jpg'),(127,'45E3B74D-639B-4318-9C7F-1F2D2326C1BD',2,'68136323.jpg'),(128,'11C909B6-37AD-4BC6-81A0-6EA15634ABD6',8,'68136333.jpg'),(130,'E467769C-E7A7-40EF-84AF-B02547B6359B',17,'68136794.jpg'),(132,'4A342E1C-4E19-416E-877D-634A62762350',20,'68136796.jpg');
/*!40000 ALTER TABLE `itempictures` ENABLE KEYS */;
UNLOCK TABLES;

--
-- Table structure for table `itemprices`
--

DROP TABLE IF EXISTS `itemprices`;
/*!40101 SET @saved_cs_client     = @@character_set_client */;
/*!50503 SET character_set_client = utf8mb4 */;
CREATE TABLE `itemprices` (
  `ID` bigint NOT NULL,
  `GUID` varchar(64) NOT NULL,
  `ItemID` bigint NOT NULL,
  `Date` date NOT NULL,
  `Price` decimal(10,2) NOT NULL,
  `CancellationPolicyID` bigint NOT NULL,
  PRIMARY KEY (`ID`),
  KEY `FK_PlacePrices_Places` (`ItemID`),
  KEY `FK_PlacePrices_CancellationPolicies` (`CancellationPolicyID`),
  CONSTRAINT `FK_PlacePrices_CancellationPolicies` FOREIGN KEY (`CancellationPolicyID`) REFERENCES `cancellationpolicies` (`ID`),
  CONSTRAINT `FK_PlacePrices_Places` FOREIGN KEY (`ItemID`) REFERENCES `items` (`ID`)
) ENGINE=InnoDB DEFAULT CHARSET=utf8mb4 COLLATE=utf8mb4_0900_ai_ci;
/*!40101 SET character_set_client = @saved_cs_client */;

--
-- Dumping data for table `itemprices`
--

LOCK TABLES `itemprices` WRITE;
/*!40000 ALTER TABLE `itemprices` DISABLE KEYS */;
INSERT INTO `itemprices` VALUES (1,'DFE5DE3B-8B77-43C2-BFFF-046DC70A5E9E',18,'2022-10-10',100.00,1),(2,'D85C42A1-417D-40DF-B623-C442FE49ABE1',18,'2022-10-11',100.00,2),(3,'E66AF364-98C4-4295-9780-9BBF4E11D01A',18,'2022-10-12',100.00,2),(4,'0D3B2C92-9D60-48AF-A65D-7A7438F23169',18,'2022-10-13',100.00,2),(5,'C4A90090-E2D7-44BE-9D30-E07421241AFB',18,'2022-10-14',100.00,1),(6,'0CB62368-696D-415C-A73B-2D673142D44B',18,'2022-10-15',100.00,1),(7,'38EF2158-A3E8-4F82-8144-C6DC3D122013',18,'2022-10-16',100.00,1),(8,'CD7B6B28-DBBB-4663-8866-BA4905417261',18,'2022-10-17',100.00,2),(9,'1029D7B0-0D2C-4B77-A822-BE4EE4C0686B',18,'2022-10-18',140.00,3),(10,'A334171B-350F-4561-A29A-CAAF78456710',18,'2022-10-19',145.00,2),(11,'0A578D91-0643-4372-B1C9-9ADAC5462C1D',19,'2022-10-22',200.00,2),(12,'45897C24-7FC2-4625-B105-EA5015207E74',19,'2022-10-23',210.00,2),(13,'8F28A345-8AE1-4F27-BA55-92813218D37B',19,'2022-10-24',190.00,1),(14,'DE716CF0-997A-4882-B543-833C4642085D',19,'2022-10-25',190.00,1),(15,'878BF0EE-36FF-4928-948B-1C80598B482C',19,'2022-10-26',190.00,1),(16,'9010ADCC-C977-4480-96E0-D321CA3CEA1F',19,'2022-10-27',190.00,3),(17,'5F29010B-4239-4FBE-BEE4-899AB2AEE960',19,'2022-10-28',190.00,3),(18,'B2DBF15E-2DF2-4E50-B154-5A145BA6B45E',19,'2022-10-29',190.00,1),(19,'B9618AE7-8BC1-4CAC-A696-12C6C54EBCF7',19,'2022-10-30',270.00,1),(20,'04599602-BDDB-4CD9-9298-21350193BEE1',19,'2022-10-31',290.00,1),(21,'6B2D6323-F03C-471D-BFD9-75CBEE33AE0F',18,'2022-10-20',140.00,1);
/*!40000 ALTER TABLE `itemprices` ENABLE KEYS */;
UNLOCK TABLES;

--
-- Table structure for table `items`
--

DROP TABLE IF EXISTS `items`;
/*!40101 SET @saved_cs_client     = @@character_set_client */;
/*!50503 SET character_set_client = utf8mb4 */;
CREATE TABLE `items` (
  `ID` bigint NOT NULL,
  `GUID` varchar(64) NOT NULL,
  `UserID` bigint NOT NULL,
  `ItemTypeID` bigint NOT NULL,
  `AreaID` bigint NOT NULL,
  `Title` varchar(50) NOT NULL,
  `Capacity` int NOT NULL,
  `NumberOfBeds` int NOT NULL,
  `NumberOfBedrooms` int NOT NULL,
  `NumberOfBathrooms` int NOT NULL,
  `ExactAddress` varchar(500) NOT NULL,
  `ApproximateAddress` varchar(250) NOT NULL,
  `Description` varchar(2000) CHARACTER SET utf8mb4 COLLATE utf8mb4_0900_ai_ci NOT NULL,
  `HostRules` varchar(2000) CHARACTER SET utf8mb4 COLLATE utf8mb4_0900_ai_ci NOT NULL,
  `MinimumNights` int NOT NULL,
  `MaximumNights` int NOT NULL,
  PRIMARY KEY (`ID`),
  KEY `FK_Items_Areas` (`AreaID`),
  KEY `FK_Places_PlaceTypes` (`ItemTypeID`),
  KEY `FK_Places_Users` (`UserID`),
  CONSTRAINT `FK_Items_Areas` FOREIGN KEY (`AreaID`) REFERENCES `areas` (`ID`),
  CONSTRAINT `FK_Places_PlaceTypes` FOREIGN KEY (`ItemTypeID`) REFERENCES `itemtypes` (`ID`),
  CONSTRAINT `FK_Places_Users` FOREIGN KEY (`UserID`) REFERENCES `users` (`ID`)
) ENGINE=InnoDB DEFAULT CHARSET=utf8mb4 COLLATE=utf8mb4_0900_ai_ci;
/*!40101 SET character_set_client = @saved_cs_client */;

--
-- Dumping data for table `items`
--

LOCK TABLES `items` WRITE;
/*!40000 ALTER TABLE `items` DISABLE KEYS */;
INSERT INTO `items` VALUES (2,'A09423D2-25E5-4CA2-978F-03AF1D7BF7FD',2,1,15,'Superior Cozy Home J',5,5,1,1,'562-1 Punggok-ri, Gagok-myeon',' Gagok-myeon','With 1 bedroom, this air-conditioned apartment features 1 bathroom with a bidet, a bath or shower and slippers. The apartment also features a well-equipped kitchen with a microwave, a fridge and a toaster, as well as a hairdryer.Seoul Station is 5.8 km from the apartment, while Dongwha Duty Free Shop is 6.6 km from the property. The nearest airport is Gimpo International Airport, 13 km from Hongdae Residence-2 1min from Hongik Uni station Exit #1.Hongdae Residence-2 1min from Hongik Uni station Exit #1 has been welcoming Booking.com guests since Jun 21, 2022','Pets are not allowed.',1,10000),(3,'63DE0BD5-C079-4036-BE6E-B9BC9AFA5E56',4,5,1,'Lee Jae',4,3,1,0,'583 Jisan-ri, Habuk-myeon','Jisan-ri, Habuk-myeon','Comfortable as your home - JS1 in Seoul has accommodations with free WiFi, 6.4 km from Hongik University, 6.6 km from Ewha Women’s University and 8.5 km from Jogyesa Temple. Located 5.6 km from Hongik University Station, the property provides a garden and free private parking.','Smoking is not allowed.',1,10000),(4,'ACA50FBB-DEF0-4657-AF83-3A30CDE5DB51',3,1,2,'Lee Jae 2',3,3,1,0,'126-3 Gaeksa-ri, Paengseong-eup','Gaeksa-ri, Paengseong-eup','Located in Seoul, 2.9 km from Ewha Women’s University and 3.1 km from Seoul Station, Sweet House #2 provides accommodations with amenities such as free WiFi and a flat-screen TV. The property has city views and is 3.4 km from Hongik University and 3.4 km from Hongik University Station.The air-conditioned apartment is composed of 1 separate bedroom, a living room, a fully equipped kitchen with a microwave and fridge, and 1 bathroom.','There\'s no age requirement for check-in,  No cribs or extra beds are available.,Children of all ages are welcome, Children 4 and above are considered adults at this property.Pets are not allowed.',1,10000),(5,'158A1A1E-E75D-492B-9F76-65C8FBB539D5',2,3,15,'Hongdae Min House 2',5,5,3,1,'123 Nogok-ri, Yangseong-myeon (2134-36 Anseongmatchum-daero)',' Yangseong-myeon ','In the Mapo-gu district of Seoul, close to Hongik University Station, Hongdae Residence 3 - 1min from Hongik Uni station Exit #1 features free WiFi and a washing machine. The property has city views and is a 10-minute walk from Hongik University and 3.4 km from Ewha Women’s University.Including 1 bedroom, this air-conditioned apartment features 1 bathroom with a bidet, a bath or shower and slippers. There\'s a dining area and a kitchen complete with a microwave, a fridge and a toaster.','Pets are not allowed.',1,10000),(7,'8CB82712-D0B8-420E-A6C6-84C9A5EC0300',3,2,1,'Lovely House',5,5,2,0,'198-10 Uijeongbu 1(il)-dong','Uijeongbu 1(il)-dong','Some of the units include satellite flat-screen TV, a fully equipped kitchen with a microwave, and a private bathroom with a shower and a hairdryer.','There\'s no age requirement for check-in,  No cribs or extra beds are available.,Children of all ages are welcome, Children 4 and above are considered adults at this property.Pets are not allowed.',1,10000),(8,'950EF823-36F2-4C27-8286-E47D9D62AE9F',6,3,15,'HONGDAE HELEN\'S HOUSE',6,6,3,2,'200-9 Mui-ri, Bongpyeong-myeon','Mui-ri, Bongpyeong-myeon','Located in Seoul with Hongik University Station and Hongik University nearby, Laon House Yeonnam provides accommodations with free WiFi and free private parking.','Pets are not allowed,Smoking is not allowed.',1,10000),(9,'87E8D2DE-7460-46FE-BBBE-FD4CA0FB35DF',6,1,4,'Residence Unicorn',7,7,2,2,'1135-6 Ingye-dong','Ingye-dong','Ewha Women’s University is 3.5 km from the apartment, while Seoul Station is 5.6 km away. The nearest airport is Gimpo International Airport, 13 km from Laon House Yeonnam.Laon House Yeonnam has been welcoming Booking.com guests since Apr 20, 2022','Pets are not allowed.',1,10000),(10,'817C6887-CE04-4B27-8B9F-FBBFF8B94F92',6,1,4,'Eve Hongdae',2,1,1,0,'228-87 Micheon-ri, Munui-myeon','Micheon-ri, Munui-myeon','Coopie House 2 (two Rooms+King+Queen+Sofa bed) has city views, free WiFi and free private parking, located in Seoul, 3.1 km from Gasan Digital Complex.','Pets are not allowed.',1,10000),(11,'666AF311-CB9A-48C3-BD97-7AEDE1416663',6,1,5,'Samsung Coex Daechi Gangnam House G',2,1,1,1,'900-13 Hwajeong-dong','Hwajeong-dong','All units here are air-conditioned and feature a flat-screen TV, a living room with a sofa, a well-equipped kitchen with a dining area, and a private bathroom with shower, slippers and a hairdryer. For added convenience, the property can provide towels and bed linen for an extra charge.','Pets are not allowed,Smoking is not allowed.',1,10000),(12,'2D635D50-FFED-4AAB-B26D-4F75EC823A7A',3,3,15,'White Linen House',4,2,1,1,'669-23 Ganeung 1(il)-dong','Ganeung 1(il)-dong','Hello this is ponny from residence unicorn. I am korean:) I really love travelling in the world:) Also I really like meeting new people. During you stay in unicorn I can help you about your trip plan. Hope enjoy in travelling more :)','Pets are not allowed.',1,10000),(13,'E2DEC1AA-845E-4BD4-82DF-30604166B3A5',3,5,3,'Gangnam 220SQM TOWERPALACE',4,2,1,1,'3 Wonam-ri, Namsa-myeon','Wonam-ri, Namsa-myeon','Self check in We have self check -in system by messenger. Guest must email us and let us know arriving time after booking completed with guest’s arriving time. Then we will show you how to check in for themselves. wechat or line ID unicony The unicorn is suitable for family with kids or group. All studio have kitchen and equipment to cook , private bath room, waching machine too. Big market is walking 1min distance. Lots of korea restruat wait for you!!!!!! You can feel cozy & comfortable in unicorn. If you feel korean home style pls dont hesitate! Welcome to unicorn','Pets are not allowed.',1,10000),(14,'FB24CD7E-02CD-4D6C-B59E-DFFD310C0769',6,5,1,'Gangnam super-luxury',3,2,1,1,'106-3 Yangji-ri, Onam-eup','3 Yangji-ri, Onam-eup','1 min distrace Attractions. Emart(big supermarket*tax refund) Starbuks /Gs 25(conveince store)/Local restraunts/ Two bakery shops Choenggy cheon streeeam!!! There is bus to myoungdong 421','Pets are not allowed,Smoking is not allowed.',1,10000),(15,'39BA4544-6858-4CB3-A2A3-56C0873DF866',2,1,2,'Gangnam highest 44?+145sqm ????',5,3,1,1,'251-10 Jugyo-dong','10 Jugyo-dong','Offering city views, Cheongdam Beautiful Apartment New Building Edition Full Option Long term Stay AvailableAPT 2룸 신축 Edition 풀옵션 장기가능 is a property located in Seoul, 2.6 km from COEX Convention Centre and 4.7 km from Gangnam Station. The property is 2.3 km from Bongeunsa Temple, and guests benefit from complimentary WiFi and private parking available on site.','Pets are not allowed.',1,10000),(17,'27D85526-9762-43FA-A928-E7CE6DD6CC8A',3,2,4,'Eden House',5,3,1,0,'883-6 Dangye-dong (1 Ihwa 6-gil and 1 other)','6 Dangye-dong (1 Ihwa 6-gil and 1 other)','The Shilla Duty Free Shop Main Store is 6.6 km from the apartment, while Dongdaemun Market is 7.4 km away. The nearest airport is Gimpo International Airport, 27.4 km from Cheongdam Beautiful Apartment New Building Edition Full Option Long term Stay AvailableAPT 2룸 신축 Edition 풀옵션 장기가능.','There\'s no age requirement for check-in,  No cribs or extra beds are available.,Children of all ages are welcome, Children 4 and above are considered adults at this property.Pets are not allowed.',1,10000),(18,'496C5C1A-3CB3-4777-AB59-DD9400A231CD',3,5,2,'Hongdae Residence',5,4,1,0,'74 Sunae 3(sam)-dong','74 Sunae 3(sam)-dong','Cheongdam Beautiful Apartment New Building Edition Full Option Long term Stay AvailableAPT 2룸 신축 Edition 풀옵션 장기가능 has been welcoming Booking.com guests since Aug 31, 2022','There\'s no age requirement for check-in,  No cribs or extra beds are available.,Children of all ages are welcome, Children 4 and above are considered adults at this property.Pets are not allowed.',1,10000),(19,'D1639191-64A3-451A-B0A2-6BD1C37EE92D',3,5,1,'Hongdae Residence-2',10,7,5,3,'130 Gangnam-dong','130 Gangnam-dong','Distance in property description is calculated using © OpenStreetMap','There\'s no age requirement for check-in,  No cribs or extra beds are available.,Children of all ages are welcome, Children 4 and above are considered adults at this property.Pets are not allowed.',1,10000),(20,'D2A108A1-32B2-4682-9A11-18131B436309',3,2,2,'Sweet House #2',6,6,1,1,'353-4 Seongju-ri, Wongok-myeon','4 Seongju-ri, Wongok-myeon','This air-conditioned apartment is fitted with 1 bedroom, a cable flat-screen TV, a dining area, and a kitchen with a microwave and a fridge. Towels and bed linen are offered.','There\'s no age requirement for check-in,  No cribs or extra beds are available.,Children of all ages are welcome, Children 4 and above are considered adults at this property.Pets are not allowed.',1,10000),(21,'88221551-A3A1-4F6A-AB95-E3FD3556C6CB',3,5,2,'Hongdae Residence 3',7,5,2,2,'672 Yongwon-ri, Seongnam-myeon','Yongwon-ri, Seongnam-myeon',', 3.2 km from Gangnam Station and 7.1 km from Munjeong-dong Rodeo Street. The property is a 6-minute walk from COEX Convention Centre,','There\'s no age requirement for check-in,  No cribs or extra beds are available.,Children of all ages are welcome, Children 4 and above are considered adults at this property.Pets are not allowed.',1,10000),(23,'303E83B2-AC84-4464-A5FE-F6B9C8AD0E65',4,2,15,'Laon House Yeonnam',3,2,2,0,'640-2 Gak-ri, Ochang-eup','Gak-ri, Ochang-eup','Lorem Ipsum is simply dummy text of the printing and typesetting industry. Lorem Ipsum has been the industry\'s standard dummy text ever since the 1500s, when an unknown printer took a galley of type and scrambled it to make a type specimen book. It has survived not only five centuries, but also the leap into electronic typesetting, remaining essentially unchanged. It was popularised in the 1960s with the release of Letraset sheets containing Lorem Ipsum passages, and more recently with desktop publishing software like Aldus PageMaker including versions of Lorem Ipsum.','Smoking is not allowed.',1,10000),(24,'DC2B584B-C91E-4A21-8AF5-CBE03CD0E442',4,5,15,'Coopie House 2',5,4,1,1,'36-1 Indong-ri, Gangdong-myeon','Indong-ri, Gangdong-myeon','It is a long established fact that a reader will be distracted by the readable content of a page when looking at its layout. The point of using Lorem Ipsum is that it has a more-or-less normal distribution of letters, as opposed to using \'Content here, content here\', making it look like readable English. Many desktop publishing packages and web page editors now use Lorem Ipsum as their default model text, and a search for \'lorem ipsum\' will uncover many web sites still in their infancy. Various versions have evolved over the years, sometimes by accident, sometimes on purpose (injected humour and the like).','Pets are not allowed.',1,10000),(25,'1D35340D-77E2-41F7-A341-2067600C9340',4,3,15,'Orakai Insadong Suites',10,8,5,3,'337 Ungjin-dong (12 Gwangwangdanji-gil)','(12 Gwangwangdanji-gil)','There are many variations of passages of Lorem Ipsum available, but the majority have suffered alteration in some form, by injected humour, or randomised words which don\'t look even slightly believable. If you are going to use a passage of Lorem Ipsum, you need to be sure there isn\'t anything embarrassing hidden in the middle of text. All the Lorem Ipsum generators on the Internet','Pets are not allowed.',1,10000);
/*!40000 ALTER TABLE `items` ENABLE KEYS */;
UNLOCK TABLES;

--
-- Table structure for table `itemscores`
--

DROP TABLE IF EXISTS `itemscores`;
/*!40101 SET @saved_cs_client     = @@character_set_client */;
/*!50503 SET character_set_client = utf8mb4 */;
CREATE TABLE `itemscores` (
  `ID` bigint NOT NULL,
  `GUID` varchar(64) NOT NULL,
  `UserID` bigint NOT NULL,
  `ItemID` bigint NOT NULL,
  `ScoreID` bigint NOT NULL,
  `Value` bigint NOT NULL,
  PRIMARY KEY (`ID`),
  KEY `FK_ItemScores_Items` (`ItemID`),
  KEY `FK_ItemScores_Scores` (`ScoreID`),
  KEY `FK_ItemScores_Users` (`UserID`),
  CONSTRAINT `FK_ItemScores_Items` FOREIGN KEY (`ItemID`) REFERENCES `items` (`ID`),
  CONSTRAINT `FK_ItemScores_Scores` FOREIGN KEY (`ScoreID`) REFERENCES `scores` (`ID`),
  CONSTRAINT `FK_ItemScores_Users` FOREIGN KEY (`UserID`) REFERENCES `users` (`ID`)
) ENGINE=InnoDB DEFAULT CHARSET=utf8mb4 COLLATE=utf8mb4_0900_ai_ci;
/*!40101 SET character_set_client = @saved_cs_client */;

--
-- Dumping data for table `itemscores`
--

LOCK TABLES `itemscores` WRITE;
/*!40000 ALTER TABLE `itemscores` DISABLE KEYS */;
INSERT INTO `itemscores` VALUES (4,'E9048F72-8DF8-4A9B-B574-4C445E544008',7,19,2,5),(5,'4733939D-E692-456C-B0DE-1D4911268733',7,19,3,5),(6,'F6C62D9C-ADBA-4624-BB49-F2CCE1D4E5F1',4,19,3,2),(7,'F0B38882-7C05-4FDB-B53A-C81DF937B711',4,18,4,4),(8,'F024EFDA-48B1-47BA-BD5E-0CEB3A51D1E4',6,18,2,4),(9,'39BE56F8-FD61-4950-BC65-36376EB725F1',2,18,2,1),(10,'B7C94858-C77F-4F27-935E-3AC73523BD1D',4,19,4,3),(11,'4E092C9E-3020-414E-B699-70FDC9BBC607',2,18,1,5),(12,'6A4233F9-3515-4DD0-9380-73BC991BEF6A',4,18,1,4),(13,'64416F52-5180-4879-B7D1-3E8D05CE3652',4,19,5,5),(14,'3B2C4252-1291-47B7-B9DF-9F19C90AAD16',4,18,1,1),(15,'8DCB8C85-543A-430E-8363-F9F6EB2F89D1',6,19,5,5),(16,'7E5D33E5-D410-4DEA-91A8-F074D897DFEB',4,19,2,1),(17,'C2A9BE34-808E-49DE-96BE-3078F959A54B',4,18,1,2),(18,'5FA56F38-F852-4A97-8230-5309BCFF1C9D',2,18,4,4),(19,'4272DBE0-9BEB-488C-9DE1-E8A875BCCE97',4,19,1,3),(20,'454D9168-1018-4A32-B6BE-BA80FEDB7415',4,19,5,2),(21,'87C162F2-EF8B-4164-A6F4-33DD1BC9DB24',6,18,5,5),(22,'EBDF6A0F-51ED-42AE-9EC8-A6739C11D9EE',2,19,2,4),(23,'1AF2F89E-0C3E-44DF-AF34-16A02B5866D2',6,19,5,2),(24,'A1C2A3D9-F913-4E80-AD1E-1A981286DD0E',2,19,4,4),(25,'E7EAECCA-4697-420B-A48B-712C5B26A546',7,18,5,4),(26,'D3E073EB-6DBF-4899-810B-36BABCF4B7F7',4,18,2,1),(27,'8D7481FF-DAC3-4BC2-AA24-83DBB8D5BDA5',7,18,5,3),(28,'A0359AA0-063D-4B24-8E57-4E8F4AB38CCF',2,18,3,5),(29,'C2FEA44A-5768-4BCE-8D06-1A54BDD07D6A',6,19,4,3),(30,'CD9454AD-605A-40DF-B1D9-801F378E7180',4,18,5,1),(31,'B53FA930-AE42-469A-A7A9-8B6F5D15E2D2',4,19,4,4),(32,'C61858E5-9852-47D9-8BF6-85A0D76E32BD',2,18,3,3),(33,'C764093C-D06A-4848-94A1-BED8C85EAA58',4,18,3,3),(34,'AFFB8108-0654-480D-AF17-0E5310AAD5C1',4,18,2,4),(35,'C333A3E3-0373-4B87-BD2A-927738812EC1',2,19,3,4),(36,'E8094D61-F999-41C2-A7C2-4D513B5FCAF8',7,18,4,4),(37,'0839A31F-70BD-42F9-998A-C3A443C70D88',7,18,3,4),(38,'3898F58F-0170-4D9F-8C27-36F403247339',4,18,1,1);
/*!40000 ALTER TABLE `itemscores` ENABLE KEYS */;
UNLOCK TABLES;

--
-- Table structure for table `itemtypes`
--

DROP TABLE IF EXISTS `itemtypes`;
/*!40101 SET @saved_cs_client     = @@character_set_client */;
/*!50503 SET character_set_client = utf8mb4 */;
CREATE TABLE `itemtypes` (
  `ID` bigint NOT NULL,
  `GUID` varchar(64) NOT NULL,
  `Name` varchar(50) CHARACTER SET utf8mb4 COLLATE utf8mb4_0900_ai_ci NOT NULL,
  PRIMARY KEY (`ID`)
) ENGINE=InnoDB DEFAULT CHARSET=utf8mb4 COLLATE=utf8mb4_0900_ai_ci;
/*!40101 SET character_set_client = @saved_cs_client */;

--
-- Dumping data for table `itemtypes`
--

LOCK TABLES `itemtypes` WRITE;
/*!40000 ALTER TABLE `itemtypes` DISABLE KEYS */;
INSERT INTO `itemtypes` VALUES (1,'60B72778-02FD-4602-A7A7-84F9AE17A6C2','Apartment'),(2,'DFFE3BCA-92B1-4760-8371-1CF145FD772C','House'),(3,'E62AA132-BCC2-40DF-872F-E553BA156ACB','Secondary unit'),(4,'5DC77099-57FE-4000-B321-63BA98194D66','Unique space'),(5,'727443D0-D486-4D3B-A3BB-2AF3ABE39DD7','Boutique hotel');
/*!40000 ALTER TABLE `itemtypes` ENABLE KEYS */;
UNLOCK TABLES;

--
-- Table structure for table `scores`
--

DROP TABLE IF EXISTS `scores`;
/*!40101 SET @saved_cs_client     = @@character_set_client */;
/*!50503 SET character_set_client = utf8mb4 */;
CREATE TABLE `scores` (
  `ID` bigint NOT NULL,
  `GUID` varchar(64) NOT NULL,
  `Name` varchar(50) CHARACTER SET utf8mb4 COLLATE utf8mb4_0900_ai_ci NOT NULL,
  PRIMARY KEY (`ID`)
) ENGINE=InnoDB DEFAULT CHARSET=utf8mb4 COLLATE=utf8mb4_0900_ai_ci;
/*!40101 SET character_set_client = @saved_cs_client */;

--
-- Dumping data for table `scores`
--

LOCK TABLES `scores` WRITE;
/*!40000 ALTER TABLE `scores` DISABLE KEYS */;
INSERT INTO `scores` VALUES (1,'A659F251-5F26-404A-80F4-17DAC4FF2ECD','Location'),(2,'F3725FBE-1A7F-4133-8D8D-BDC7ED74000C','Cleanliness '),(3,'9F87423A-CD27-4D61-80BE-1627F9C4D4BB','Value for money'),(4,'18183AD4-2112-4A6B-B190-C1CE72F49896','Facilities '),(5,'784CE0DD-7927-4E2B-8270-B8896E9C1774','Comfort ');
/*!40000 ALTER TABLE `scores` ENABLE KEYS */;
UNLOCK TABLES;

--
-- Table structure for table `services`
--

DROP TABLE IF EXISTS `services`;
/*!40101 SET @saved_cs_client     = @@character_set_client */;
/*!50503 SET character_set_client = utf8mb4 */;
CREATE TABLE `services` (
  `ID` bigint NOT NULL,
  `GUID` varchar(64) NOT NULL,
  `ServiceTypeID` bigint NOT NULL,
  `Name` varchar(150) CHARACTER SET utf8mb4 COLLATE utf8mb4_0900_ai_ci NOT NULL,
  `Price` decimal(10,2) NOT NULL,
  `Duration` bigint DEFAULT NULL,
  `Description` varchar(1000) CHARACTER SET utf8mb4 COLLATE utf8mb4_0900_ai_ci NOT NULL,
  `DayOfWeek` varchar(100) CHARACTER SET utf8mb4 COLLATE utf8mb4_0900_ai_ci NOT NULL,
  `DayOfMonth` varchar(100) CHARACTER SET utf8mb4 COLLATE utf8mb4_0900_ai_ci NOT NULL,
  `DailyCap` bigint NOT NULL,
  `BookingCap` bigint NOT NULL,
  PRIMARY KEY (`ID`),
  KEY `FK_Services_ServiceTypes` (`ServiceTypeID`),
  CONSTRAINT `FK_Services_ServiceTypes` FOREIGN KEY (`ServiceTypeID`) REFERENCES `servicetypes` (`ID`)
) ENGINE=InnoDB DEFAULT CHARSET=utf8mb4 COLLATE=utf8mb4_0900_ai_ci;
/*!40101 SET character_set_client = @saved_cs_client */;

--
-- Dumping data for table `services`
--

LOCK TABLES `services` WRITE;
/*!40000 ALTER TABLE `services` DISABLE KEYS */;
INSERT INTO `services` VALUES (37,'65217AB4-A5B4-4194-A7E1-EDBB1861B08E',1,'Seoul Special PACK ',390.00,2,'Two day we will visit the famous historic and cultural, National museum of korea,Nansam Tower,Gyeongbokgung and …',' ','*',29,1),(38,'CAC808CF-8EC2-4997-BD0A-BF49DED0ECDD',1,'Night Pack',98.00,1,'Night couse 19:30PM ()Gwanghwamun ',' ','*',29,1),(39,'3D1AF41F-D9E7-4DE4-B937-D78D0ECC57BA',1,'Tour D. 야경코스',140.00,1,'The night course offers a beautiful view of Seoul with the Han River in its arms.',' ','*',42,1),(40,'C857EBE7-4A1F-4C7B-84E8-1977432E439A',2,'Hakgojae Gallery',25.00,1,'Daily 10:00 – 18:00, Closed Mondays, +82-2-720-1524','2-7','  ',200,1),(41,'70388B47-8EAF-40B8-ACD9-8BD06BE8CCEE',2,'Songeun Art Cube',42.00,1,'Daily 11:00 - 19:00, Closed Sundays','1-6','  ',150,1),(42,'136B3FFF-E5FA-4187-AD74-8A7CE62A9889',2,'Changdeokgung Palace',60.00,1,'Changdeokgung Palace is the second UNESCO World Heritage Site in Seoul. It was selected as a representative palace for its notable beauty in the history of palace architecture in East Asia and for its excellent arrangement with the surrounding naturalenvironment. Changdeokgung Palace was built by King Taejong in 1405.',' ','*',150,1),(43,'64AC9882-F1B6-4C8C-805E-90D09CE3C253',2,'Gyeongbokgung Palace',30.00,1,'Gyeongbokgung Palace was the first and largest of the royal palaces built during the Joseon Dynasty. Built in 1395, Gyeongbokgung Palace was located at the heart of the newly appointed capital of Seoul (then known as Hanyang) and represented the sovereignty of the Joseon Dynasty. The largest of the Five Grand Palaces (the others being Gyeonghuigung Palace, Deoksugung Palace, Changgyeonggung Palace, Changdeokgung Palace), Gyeongbokgung served as the main palace of the Joseon Dynasty.',' ','*',150,1),(44,'410A3DB9-3C1E-4855-9B14-AD87201C3E55',3,'Cars (Sedan)',28.00,3,'Airportransferservices providers use the latest models of cars available ','*',' ',55,3),(45,'23818975-D995-4C21-B4E6-501A89B3615F',3,'Minibus',65.00,15,'Transfer services with minibuses,Minibuses can have up to 15 seats','*',' ',15,15),(46,'4CC6F5FD-BD9F-48AF-948D-4B3CE1415332',3,'Limousine',110.00,4,'A limousine or limo for short, is a large, chauffeur-driven luxury vehicle with a partition between the driver compartment and the passenger compartment.',' ','1,2,3,15-20',2,4),(47,'5B90E2D4-D124-4887-B1F6-7634873A33A5',3,'Bus',107.00,37,'Transfer services with buses','1,3,5',' ',2,37);
/*!40000 ALTER TABLE `services` ENABLE KEYS */;
UNLOCK TABLES;

--
-- Table structure for table `servicetypes`
--

DROP TABLE IF EXISTS `servicetypes`;
/*!40101 SET @saved_cs_client     = @@character_set_client */;
/*!50503 SET character_set_client = utf8mb4 */;
CREATE TABLE `servicetypes` (
  `ID` bigint NOT NULL,
  `GUID` varchar(64) NOT NULL,
  `Name` varchar(150) CHARACTER SET utf8mb4 COLLATE utf8mb4_0900_ai_ci NOT NULL,
  `IconName` varchar(50) CHARACTER SET utf8mb4 COLLATE utf8mb4_0900_ai_ci NOT NULL,
  `Description` varchar(250) CHARACTER SET utf8mb4 COLLATE utf8mb4_0900_ai_ci NOT NULL,
  PRIMARY KEY (`ID`)
) ENGINE=InnoDB DEFAULT CHARSET=utf8mb4 COLLATE=utf8mb4_0900_ai_ci;
/*!40101 SET character_set_client = @saved_cs_client */;

--
-- Dumping data for table `servicetypes`
--

LOCK TABLES `servicetypes` WRITE;
/*!40000 ALTER TABLE `servicetypes` DISABLE KEYS */;
INSERT INTO `servicetypes` VALUES (1,'2D743A10-266E-43AF-B932-249F06115052','City tours','207-eye.png','The City Tour services provide transportation for tourists over a fixed route that lets passengers get on and off an unlimited number of times per day'),(2,'DDD1BD05-0AFB-4943-B199-BBC4E81B4886','Attraction tickets','016-camera.png',' We issue gate-ready theme park tickets and can deliver'),(3,'91EE94CD-EBDE-4E9C-971F-7B78364D471D','Airport Transfer','176-airplane.png','Airport Taxi/Reservation/Booking Private Car, Luxuary, Van at the Best Price.'),(4,'59633A8E-109C-4914-848D-5B4AD2069699','Catering services','164-spoon-knife.png','Serving food to guests at events'),(5,'38F3CCF7-194E-43A7-A468-F69BD1C66485','Safety box','100-drive.png','A safe deposit box is an individually secured container—usually a metal box—housed in the vault of a federally insured bank or credit union.');
/*!40000 ALTER TABLE `servicetypes` ENABLE KEYS */;
UNLOCK TABLES;

--
-- Table structure for table `sysdiagrams`
--

DROP TABLE IF EXISTS `sysdiagrams`;
/*!40101 SET @saved_cs_client     = @@character_set_client */;
/*!50503 SET character_set_client = utf8mb4 */;
CREATE TABLE `sysdiagrams` (
  `name` varchar(160) NOT NULL,
  `principal_id` int NOT NULL,
  `diagram_id` int NOT NULL,
  `version` int DEFAULT NULL,
  `definition` longblob,
  PRIMARY KEY (`diagram_id`),
  UNIQUE KEY `UK_principal_name` (`principal_id`,`name`)
) ENGINE=InnoDB DEFAULT CHARSET=utf8mb4 COLLATE=utf8mb4_0900_ai_ci;
/*!40101 SET character_set_client = @saved_cs_client */;

--
-- Dumping data for table `sysdiagrams`
--

LOCK TABLES `sysdiagrams` WRITE;
/*!40000 ALTER TABLE `sysdiagrams` DISABLE KEYS */;
INSERT INTO `sysdiagrams` VALUES ('Diagram_0',1,1,1,_binary '\\ࡱ\Z\\0\0\0\0\0\0\0\0\0\0\0\0\0\0\0\0>\0\0	\0\0\0\0\0\0\0\0\0\0\0\0\0\0\0\0\0\0\0\0\0\0\0\0\0\0\0\0\0\0\0\0\0\0\0\0\0\0\0\0\0\0\0\0\0\0\0\0\0\0\0\0\0\0\0\0\0\0\0\0	\0\0\0\n\0\0\0\0\0\0\0\0\0\r\0\0\0\0\0\0\0\0\0\0\0\0\0\0\0\0\0\0R\0o\0o\0t\0 \0E\0n\0t\0r\0y\0\0\0\0\0\0\0\0\0\0\0\0\0\0\0\0\0\0\0\0\0\0\0\0\0\0\0\0\0\0\0\0\0\0\0\0\0\0\0\0\0\0\0\0\0\0\0\0\0\0\0\0\0\0\0\0\0\0\0\0\0\0\0\0\0\0\0\0\0\0\0\0\0\0\0\0\0\0@\A\\\0\0\0\0\0\0\0\0\0D\0d\0s\0X\0M\0L\0S\0t\0r\0e\0a\0m\0\0\0\0\0\0\0\0\0\0\0\0\0\0\0\0\0\0\0\0\0\0\0\0\0\0\0\0\0\0\0\0\0\0\0\0\0\0\0\0\0\Z\0\0\0\0\0\0\0\0\0\0\0\0\0\0\0\0\0\0\0\0\0\0\0\0\0\0\0\0\0\0\0\0\0\0\0\0\0\0\0\0a\0\0\0\0\0\0S\0c\0h\0e\0m\0a\0 \0U\0D\0V\0 \0D\0e\0f\0a\0u\0l\0t\0\0\0\0\0\0\0\0\0\0\0\0\0\0\0\0\0\0\0\0\0\0\0\0\0\0\0\0\0&\0\0\0\0\0\0\0\0\0\0\0\0\0\0\0\0\0\0\0\0\0\0\0\0\0\0\0\0\0\0\0\0\0\0\0\0\0\0\0\0\0\0\0\0\0\0\0\0\0\0\0\0\0\0D\0S\0R\0E\0F\0-\0S\0C\0H\0E\0M\0A\0-\0C\0O\0N\0T\0E\0N\0T\0S\0\0\0\0\0\0\0\0\0\0\0\0\0\0\0\0\0\0\0\0\0\0\0,\0\0\0\0\0\0\0\0\0\0\0\0\0\0\0\0\0\0\0\0\0\0\0\0\0\0\0\0\0\0\0\0\0\0\0\0\0\0\0\0\0\0\0\\0\0\0\0\0\0<dds><diagram fontclsid=\"{77D2C92D-7779-11D8-9070-00065B840D9C}\" mouseiconclsid=\"{0BE35204-8F91-11CE-9DE3-00AA004BB851}\" defaultlayout=\"MSDDS.Rectilinear\" defaultlineroute=\"MSDDS.Rectilinear\" version=\"7\" nextobject=\"5\" scale=\"100\" pagebreakanchorx=\"0\" pagebreakanchory=\"0\" pagebreaksizex=\"0\" pagebreaksizey=\"0\" scrollleft=\"0\" scrolltop=\"0\" gridx=\"150\" gridy=\"150\" marginx=\"5000\" marginy=\"5000\" zoom=\"100\" x=\"43577\" y=\"23283\" backcolor=\"-2147483643\" defaultpersistence=\"3\" PrintPageNumbersMode=\"3\" PrintMarginTop=\"0\" PrintMarginBottom=\"635\" PrintMarginLeft=\"0\" PrintMarginRight=\"0\" marqueeselectionmode=\"1\" mousepointer=\"0\" snaptogrid=\"1\" autotypeannotation=\"1\" showscrollbars=\"1\" viewpagebreaks=\"0\" donotforceconnectorsbehindshapes=\"1\"><font><ddsxmlobjectstreamwrapper binary=\"000008003000000000020000\"/></font><mouseicon><ddsxmlobjectstreamwrapper binary=\"6c74000000000000\"/></mouseicon></diagram><layoutmanager><ddsxmlobj><property name=\"sch_labels_visible\" value=\"0\" vartype=\"11\"/></ddsxmlobj></layoutmanager><ddscontrol controlprogid=\"{623AC075-2C77-4873-883D-930B4364B4BC}\" tooltip=\"Transactions\" left=\"0\" top=\"0\" logicalid=\"1\" controlid=\"1\" masterid=\"0\" hint1=\"0\" hint2=\"0\" width=\"5768\" height=\"5636\" noresize=\"0\" nomove=\"0\" nodefaultattachpoints=\"0\" autodrag=\"0\" usedefaultiddshape=\"0\" selectable=\"1\" showselectionhandles=\"0\" allownudging=\"1\" isannotation=\"0\" dontautolayout=\"0\" groupcollapsed=\"0\" tabstop=\"1\" visible=\"1\" snaptogrid=\"1\"><control><ddsxmlobjectstreaminitwrapper binary=\"214334120800000088160000041600007856341207000000140100005400720061006e00730061006300740069006f006e00730000000000000000000000000000000000000000000000000000000000000000000000000000000000000000000000000000000000000000000000000000000000000000000000000000000000000000000000000000000000000000000000000000000000000000000000000000000000000000000000000000000000000000000000000000000000000000000000000000000000000000000000000000000000000000000000000000000000000000000000000000000000000000000000000000000000000000000000000000000000000000000000000000000000000000000100000005000000540000002c0000002c0000002c00000034000000000000000000000022290000f1190000000000002d010000090000000c000000070000001c0100000609000062070000480300001a040000df020000ec04000027060000b103000027060000cb070000550500000000000001000000881600000416000000000000070000000700000002000000020000001c010000f50a00000000000001000000391300007a05000000000000010000000100000002000000020000001c010000060900000100000000000000391300003403000000000000000000000000000002000000020000001c010000060900000000000000000000d13100000923000000000000000000000d00000004000000040000001c01000006090000aa0a00009006000078563412040000006200000001000000010000000b000000000000000100000002000000030000000400000005000000060000000700000008000000090000000a00000004000000640062006f0000000d0000005400720061006e00730061006300740069006f006e0073000000\"/></control><layoutobject><ddsxmlobj><property name=\"ActiveTableViewMode\" value=\"1\" vartype=\"8\"/><property name=\"TableViewMode:0\" value=\"4,0,284,0,2310,1,1890,5,1260\" vartype=\"8\"/><property name=\"TableViewMode:1\" value=\"2,0,284,0,2805\" vartype=\"8\"/><property name=\"TableViewMode:2\" value=\"2,0,284,0,2310\" vartype=\"8\"/><property name=\"TableViewMode:3\" value=\"2,0,284,0,2310\" vartype=\"8\"/><property name=\"TableViewMode:4\" value=\"4,0,284,0,2310,12,2730,11,1680\" vartype=\"8\"/></ddsxmlobj></layoutobject><shape groupshapeid=\"0\" groupnode=\"0\"/></ddscontrol><ddscontrol controlprogid=\"{623AC075-2C77-4873-883D-930B4364B4BC}\" tooltip=\"TransactionTypes\" left=\"8700\" top=\"0\" logicalid=\"2\" controlid=\"2\" masterid=\"0\" hint1=\"0\" hint2=\"0\" width=\"5768\" height=\"3096\" noresize=\"0\" nomove=\"0\" nodefaultattachpoints=\"0\" autodrag=\"0\" usedefaultiddshape=\"0\" selectable=\"1\" showselectionhandles=\"0\" allownudging=\"1\" isannotation=\"0\" dontautolayout=\"0\" groupcollapsed=\"0\" tabstop=\"1\" visible=\"1\" snaptogrid=\"1\"><control><ddsxmlobjectstreaminitwrapper binary=\"214334120800000088160000180c00007856341207000000140100005400720061006e00730061006300740069006f006e005400790070006500730000006c007300000010000000640000002800000002000000690000002a00000002000000710000002e000000100000007600000033000000020000007b0000003500000010000000800000003a00000002000000860000003d00000002000000860000003d000000120000008c0000004200000002000000930000004a00000002000000960000004c00000010000000a40000005200000002000000d60000007100000010000000db0000007600000002000000df0000007a00000000000000e10000007b00000002000000e300000000000000000000000100000005000000540000002c0000002c0000002c0000003400000000000000000000002229000065150000000000002d010000070000000c000000070000001c0100000609000062070000480300001a040000df020000ec04000027060000b103000027060000cb07000055050000000000000100000088160000180c000000000000030000000300000002000000020000001c010000f50a00000000000001000000391300007a05000000000000010000000100000002000000020000001c010000060900000100000000000000391300003403000000000000000000000000000002000000020000001c010000060900000000000000000000d13100000923000000000000000000000d00000004000000040000001c01000006090000aa0a00009006000078563412040000006a00000001000000010000000b000000000000000100000002000000030000000400000005000000060000000700000008000000090000000a00000004000000640062006f000000110000005400720061006e00730061006300740069006f006e00540079007000650073000000\"/></control><layoutobject><ddsxmlobj><property name=\"ActiveTableViewMode\" value=\"1\" vartype=\"8\"/><property name=\"TableViewMode:0\" value=\"4,0,284,0,2310,1,1890,5,1260\" vartype=\"8\"/><property name=\"TableViewMode:1\" value=\"2,0,284,0,2805\" vartype=\"8\"/><property name=\"TableViewMode:2\" value=\"2,0,284,0,2310\" vartype=\"8\"/><property name=\"TableViewMode:3\" value=\"2,0,284,0,2310\" vartype=\"8\"/><property name=\"TableViewMode:4\" value=\"4,0,284,0,2310,12,2730,11,1680\" vartype=\"8\"/></ddsxmlobj></layoutobject><shape groupshapeid=\"0\" groupnode=\"0\"/></ddscontrol><ddscontrol semanticcookie=\"0118181801000000640062006f00000046004b005f005400720061006e00730061006300740069006f006e0073005f005400720061006e00730061006300740069006f006e00540079007000650073000000\" controlprogid=\"MSDDS.Polyline.080.1\" tooltip=\"Relationship \'FK_Transactions_TransactionTypes\' between \'TransactionTypes\' and \'Transactions\'\" left=\"5468\" top=\"2443\" logicalid=\"3\" controlid=\"3\" masterid=\"0\" hint1=\"0\" hint2=\"0\" width=\"3532\" height=\"815\" noresize=\"0\" nomove=\"0\" nodefaultattachpoints=\"1\" autodrag=\"0\" usedefaultiddshape=\"0\" selectable=\"1\" showselectionhandles=\"0\" allownudging=\"1\" isannotation=\"0\" dontautolayout=\"0\" groupcollapsed=\"0\" tabstop=\"1\" visible=\"1\" snaptogrid=\"0\"><control><ddsxmlobj><polyline endtypedst=\"0\" endtypesrc=\"2\" usercolor=\"15790320\" linestyle=\"0\" linerender=\"0\" customendtypedstid=\"0\" customendtypesrcid=\"0\" adornsvisible=\"1\"><adornment percentpos=\"50\" controlid=\"4\" width=\"4902\" height=\"344\" side=\"0\" behavior=\"3\" himetric=\"1466\" distfromline=\"175\" startobj=\"0\" x=\"4783\" y=\"2331\" visible=\"0\" allowoverlap=\"1\" usepercent=\"1\"/></polyline></ddsxmlobj></control><layoutobject><ddsxmlobj/></layoutobject><connector sourceid=\"2\" destid=\"1\" sourceattachpoint=\"110\" destattachpoint=\"111\" segmenteditmode=\"0\" bendpointeditmode=\"0\" bendpointvisibility=\"0\" relatedid=\"0\" virtual=\"0\"><point x=\"8700\" y=\"2850\"/><point x=\"5768\" y=\"2850\"/></connector></ddscontrol><ddscontrol semanticcookie=\"017a2828f07a2828\" controlprogid=\"MSDDS.Text.080.1\" left=\"4783\" top=\"2331\" logicalid=\"4\" controlid=\"4\" masterid=\"3\" hint1=\"0\" hint2=\"0\" width=\"4902\" height=\"344\" noresize=\"1\" nomove=\"0\" nodefaultattachpoints=\"1\" autodrag=\"1\" usedefaultiddshape=\"1\" selectable=\"1\" showselectionhandles=\"1\" allownudging=\"1\" isannotation=\"0\" dontautolayout=\"1\" groupcollapsed=\"0\" tabstop=\"0\" visible=\"0\" snaptogrid=\"0\"><control><ddsxmlobjectstreaminitwrapper binary=\"000200002613000058010000030000000000ffffff000800008001000000150001000000900144420100065461686f6d61200046004b005f005400720061006e00730061006300740069006f006e0073005f005400720061006e00730061006300740069006f006e005400790070006500730000000000\"/></control><layoutobject><ddsxmlobj/></layoutobject><shape groupshapeid=\"0\" groupnode=\"0\"/></ddscontrol></dds>\r\n\0\0\0\0\0\0\0\0\0\0\0\0\0\0\0\0\0\0\0\0\0\0\0\0\0\0\0\0\0\0\0\0\0\0\0\0\0\0\0\0\0\0\0\0\0\0\0\0\0\0\0\0\0\0\0\0\0\0\0\0\0\0\0\0\0\0\0\0\0\0\0\0\0\0\0\0\0\0\0\0\0\0\0\0\0\0\0\0\0\0\0\0\0\0\0\0\0\0\0\0\0\0\0\0\0\0\0\0\0\0\0\0\0\0\0\0\0\0\0\0\0\0\0\0\0\0\0\0\0\0\0\0\0\0\0\0\0\0\0\0\0\0\0\0\0\0\0\0\0\0\0\0\0\0\0\0\0\0\0\0\0\0\0\0\0\0\0\0\0\0\0\0\0\0\0\0\0\0\0\0	\0\0\0\n\0\0\0\0\0\0\0\0\0\0\0\0\0\0\0\0\0\0\0\0\0\0\0Na\0\0\0\0\0\0\0\0\0\0\0\0\0\0\0\0\0\0\0\0\0\0\0\0\0\0\0\0\0\0\0\0\0\0\0\0\0\0\0\0\0\0\0\\\\Q\0\W9\0\0\0@\A\\\0\0HE\0\0\0\0\0\0\0\0\0\0\0\0\0\0\0\0\0\\0\0D\0a\0t\0a\0 \0S\0o\0u\0r\0c\0e\0=\0.\0\\\0s\0q\0l\02\00\01\09\0;\0I\0n\0i\0t\0i\0a\0l\0 \0C\0a\0t\0a\0l\0o\0g\0=\0D\0a\0t\0a\0B\0a\0s\0e\0;\0I\0n\0t\0e\0g\0r\0a\0t\0e\0d\0 \0S\0e\0c\0u\0r\0i\0t\0y\0=\0T\0r\0u\0e\0;\0M\0u\0l\0t\0i\0p\0l\0e\0A\0c\0t\0i\0v\0e\0R\0e\0s\0u\0l\0t\0S\0e\0t\0s\0=\0F\0a\0l\0s\0e\0;\0C\0o\0n\0n\0e\0c\0t\0 \0T\0i\0m\0e\0o\0u\0t\0=\03\00\0;\0T\0r\0u\0s\0t\0S\0e\0r\0v\0e\0r\0C\0e\0r\0t\0i\0f\0i\0c\0a\0t\0e\0=\0F\0a\0l\0s\0e\0;\0P\0a\0c\0k\0e\0t\0 \0S\0i\0z\0e\0=\04\00\09\06\0;\0A\0p\0p\0l\0i\0c\0a\0t\0i\0o\0n\0 \0N\0a\0m\0e\0=\0\"\0M\0i\0c\0r\0o\0s\0o\0f\0t\0 \0S\0Q\0L\0 \0S\0e\0r\0v\0e\0r\0 \0M\0a\0n\0a\0g\0e\0m\0e\0n\0t\0 \0S\0t\0u\0d\0i\0o\0\"\0\0\0\0\0\0\0\0D\0i\0a\0g\0r\0a\0m\0_\00\0\0\0\0&\0\Z\0\0\0T\0r\0a\0n\0s\0a\0c\0t\0i\0o\0n\0s\0\0\0\0\0\0d\0b\0o\0\0\0\0$\0\"\0\0\0T\0r\0a\0n\0s\0a\0c\0t\0i\0o\0n\0T\0y\0p\0e\0s\0\0\0\0\0\0d\0b\0o\0\0\0\0\0\0օ	kE7d2p\0N\0\0\0{\01\06\03\04\0C\0D\0D\07\0-\00\08\08\08\0-\04\02\0E\03\0-\09\0F\0A\02\0-\0B\06\0D\03\02\05\06\03\0B\09\01\0D\0}\0\0\0\0\0\0\0\0\0\0\0\0\0\0\0\0\0\0\0\0\0\0\0\0\0\0\0\0\0\0\0\0\0\0\0\0\0\0\0\0\0\0\0\0\0\0\0\0\0\0\0\0\0\0\0\0\0\0\0\0\0\0\0\0\0\0\0\0\0\0\0\0\0\0\0\0\0\0\0\0\0\0\0\0\0\0\0\0\0\0\0\0\0\0\0\0\0\0\0\0\0\0\0\0\0\0\0\0\0\0\0\0\0\0\0\0\0\0\0\0\0\0\0\0\0\0\0\0\0\0\0\0\0\0\0\0\0\0\0\0\0\0\0\0\0\0\0\0\0\0\0\0\0\0\0\0\0\0\0\0\0\0\0\0\0\0\0\0\0\0\0\0\0\0\0\0\0\0\0\0\0\0\0\0\0\0\0\0\0\0\0\0\0\0\0\0\0\0\0\0\0\0\0\0\0\0\0\0\0\0\0\0\0\0\0\0\0\0\0S\0c\0h\0e\0m\0a\0 \0U\0D\0V\0 \0D\0e\0f\0a\0u\0l\0t\0 \0P\0o\0s\0t\0 \0V\06\0\0\0\0\0\0\0\0\0\0\0\0\06\0\0\0\0\0\0\0\0\0\0\0\0\0\0\0\0\0\0\0\0\0\0\0\0\0\0\0\0\0\0\0\0\0\0\0\0\0\0\r\0\0\0\0\0\0\0\0\0\0\0\0\0\0\0\0\0\0\0\0\0\0\0\0\0\0\0\0\0\0\0\0\0\0\0\0\0\0\0\0\0\0\0\0\0\0\0\0\0\0\0\0\0\0\0\0\0\0\0\0\0\0\0\0\0\0\0\0\0\0\0\0\0\0\0\0\0\0\0\0\0\0\0\0\0\0\0\0\0\0\0\0\0\0\0\0\0\0\0\0\0\0\0\0\0\0\0\0\0\0\0\0\0\0\0\0\0\0\0\0\0\0\0\0\0\0\0\0\0\0\0\0\0\0\0\0\0\0\0\0\0\0\0\0\0\0\0\0\0\0\0\0\0\0\0\0\0\0\0\0\0\0\0\0\0\0\0\0\0\0\0\0\0\0\0\0\0\0\0\0\0\0\0\0\0\0\0\0\0\0\0\0\0\0\0\0\0\0\0\0\0\0\0\0\0\0\0\0\0\0\0\0\0\0\0\0\0\0\0\0\0\0\0\0\0\0\0\0\0\0\0\0\0\0\0\0\0\0\0\0\0\0\0\0\0\0\0\0\0\0\0\0\0\0\0\0\0\0\0\0\0\0\0\0\0\0\0\0\0\0\0\0\0\0\0\0\0\0\0\0\0\0\0\0\0\0\0\0\0\0\0\0\0\0\0\0\0\0\0\0\0\0\0\0\0\0\0\0\0\0\0\0\0\0\0\0\0\0\0\0\0\0\0\0\0\0\0\0\0\0\0\0\0\0\0\0\0\0\0\0\0\0\0\0\0\0\0\0\0\0\0\0\0\0\0\0\0\0bR');
/*!40000 ALTER TABLE `sysdiagrams` ENABLE KEYS */;
UNLOCK TABLES;

--
-- Table structure for table `transactions`
--

DROP TABLE IF EXISTS `transactions`;
/*!40101 SET @saved_cs_client     = @@character_set_client */;
/*!50503 SET character_set_client = utf8mb4 */;
CREATE TABLE `transactions` (
  `ID` bigint NOT NULL,
  `GUID` varchar(64) NOT NULL,
  `UserID` bigint NOT NULL,
  `TransactionTypeID` bigint NOT NULL,
  `Amount` decimal(18,2) NOT NULL,
  `TransactionDate` date NOT NULL,
  `GatewayReturnID` varchar(50) CHARACTER SET utf8mb4 COLLATE utf8mb4_0900_ai_ci NOT NULL,
  PRIMARY KEY (`ID`),
  KEY `FK_Transactions_TransactionTypes` (`TransactionTypeID`),
  CONSTRAINT `FK_Transactions_TransactionTypes` FOREIGN KEY (`TransactionTypeID`) REFERENCES `transactiontypes` (`ID`)
) ENGINE=InnoDB DEFAULT CHARSET=utf8mb4 COLLATE=utf8mb4_0900_ai_ci;
/*!40101 SET character_set_client = @saved_cs_client */;

--
-- Dumping data for table `transactions`
--

LOCK TABLES `transactions` WRITE;
/*!40000 ALTER TABLE `transactions` DISABLE KEYS */;
INSERT INTO `transactions` VALUES (1,'D8DB0651-5F42-43EE-B0A0-4548641E8728',4,1,100.00,'2022-09-10','23866013-4fc0-4c15-9a9b-ad9ad16b62a5'),(2,'CB02AD27-27D0-4C31-B62E-EF5814547F64',7,1,410.00,'2022-10-01','861de443-a437-45af-ac8c-2319fd2c11a1'),(3,'B4B877E0-362D-4356-82A9-11FE28DE6ECE',4,1,100.00,'2022-09-25','c85463f9-f8a9-4a86-a1a4-6043ad9f4594'),(4,'5CFAD9CB-F2D3-4ACA-B40F-3AB35A145A7B',6,1,410.00,'2022-09-26','a29e8c12-818a-496e-b995-a3d39e5f01a2'),(5,'519044AA-8E7D-4E1F-8739-36F05B1B1F74',7,1,190.00,'2022-09-29','442f1688-71a5-44b3-9655-b1995db2f2ea'),(6,'73C07D1A-C485-4F0D-985E-247291767D88',7,1,140.00,'2022-09-30','e168b735-c60e-42b5-bf26-19994eab9350');
/*!40000 ALTER TABLE `transactions` ENABLE KEYS */;
UNLOCK TABLES;

--
-- Table structure for table `transactiontypes`
--

DROP TABLE IF EXISTS `transactiontypes`;
/*!40101 SET @saved_cs_client     = @@character_set_client */;
/*!50503 SET character_set_client = utf8mb4 */;
CREATE TABLE `transactiontypes` (
  `ID` bigint NOT NULL,
  `GUID` varchar(64) NOT NULL,
  `Name` varchar(50) CHARACTER SET utf8mb4 COLLATE utf8mb4_0900_ai_ci NOT NULL,
  PRIMARY KEY (`ID`)
) ENGINE=InnoDB DEFAULT CHARSET=utf8mb4 COLLATE=utf8mb4_0900_ai_ci;
/*!40101 SET character_set_client = @saved_cs_client */;

--
-- Dumping data for table `transactiontypes`
--

LOCK TABLES `transactiontypes` WRITE;
/*!40000 ALTER TABLE `transactiontypes` DISABLE KEYS */;
INSERT INTO `transactiontypes` VALUES (1,'B3C4FF7F-FB2D-4A2B-BCA3-85CDC73985D0','Deposit'),(2,'54882944-54E6-4B07-B0B5-4F6D6BFD9B3E','Withdraw');
/*!40000 ALTER TABLE `transactiontypes` ENABLE KEYS */;
UNLOCK TABLES;

--
-- Table structure for table `users`
--

DROP TABLE IF EXISTS `users`;
/*!40101 SET @saved_cs_client     = @@character_set_client */;
/*!50503 SET character_set_client = utf8mb4 */;
CREATE TABLE `users` (
  `ID` bigint NOT NULL,
  `GUID` varchar(64) NOT NULL,
  `UserTypeID` bigint NOT NULL,
  `Username` varchar(50) NOT NULL,
  `Password` varchar(50) NOT NULL,
  `FullName` varchar(50) CHARACTER SET utf8mb4 COLLATE utf8mb4_0900_ai_ci NOT NULL,
  `Gender` tinyint(1) NOT NULL,
  `BirthDate` date NOT NULL,
  `FamilyCount` int NOT NULL,
  PRIMARY KEY (`ID`),
  KEY `FK_Users_UserTypes` (`UserTypeID`),
  CONSTRAINT `FK_Users_UserTypes` FOREIGN KEY (`UserTypeID`) REFERENCES `usertypes` (`ID`)
) ENGINE=InnoDB DEFAULT CHARSET=utf8mb4 COLLATE=utf8mb4_0900_ai_ci;
/*!40101 SET character_set_client = @saved_cs_client */;

--
-- Dumping data for table `users`
--

LOCK TABLES `users` WRITE;
/*!40000 ALTER TABLE `users` DISABLE KEYS */;
INSERT INTO `users` VALUES (1,'3FA2814D-A355-4169-9A23-B3476F8C7083',1,'sonia1980','1980','Sonia Edvard',1,'1980-12-02',1),(2,'B36658F2-E2E7-4A89-A60F-0861B77640CB',2,'sirvard','9090','Nerses Sirvard',0,'1975-01-01',5),(3,'2FD71D03-5D51-4015-A4B2-2F337692D919',2,'mahdi','1234','mahdi jokar',0,'1985-02-03',3),(4,'D049F07F-85DD-4E2C-B0AE-7F3339F75483',2,'minseo','7890','Min-Seo Young-Ho',1,'1990-04-04',1),(6,'64FDD587-2976-4E62-AA4D-341CFCDFCBA2',2,'Minju','0000','Minju Olp',1,'1991-05-06',3),(7,'3FE65E94-4F44-4C15-B88F-549A92E832B4',2,'Bayan','9580','(伯顏帖木兒',1,'1992-09-09',1);
/*!40000 ALTER TABLE `users` ENABLE KEYS */;
UNLOCK TABLES;

--
-- Table structure for table `usertypes`
--

DROP TABLE IF EXISTS `usertypes`;
/*!40101 SET @saved_cs_client     = @@character_set_client */;
/*!50503 SET character_set_client = utf8mb4 */;
CREATE TABLE `usertypes` (
  `ID` bigint NOT NULL,
  `GUID` varchar(64) NOT NULL,
  `Name` varchar(50) NOT NULL,
  PRIMARY KEY (`ID`)
) ENGINE=InnoDB DEFAULT CHARSET=utf8mb4 COLLATE=utf8mb4_0900_ai_ci;
/*!40101 SET character_set_client = @saved_cs_client */;

--
-- Dumping data for table `usertypes`
--

LOCK TABLES `usertypes` WRITE;
/*!40000 ALTER TABLE `usertypes` DISABLE KEYS */;
INSERT INTO `usertypes` VALUES (1,'FA3AA07F-020B-43C1-A733-6A564E1E1683','employee'),(2,'BE7A2E2A-2D65-46BC-88B4-E79EF66BE3A1','user');
/*!40000 ALTER TABLE `usertypes` ENABLE KEYS */;
UNLOCK TABLES;
/*!40103 SET TIME_ZONE=@OLD_TIME_ZONE */;

/*!40101 SET SQL_MODE=@OLD_SQL_MODE */;
/*!40014 SET FOREIGN_KEY_CHECKS=@OLD_FOREIGN_KEY_CHECKS */;
/*!40014 SET UNIQUE_CHECKS=@OLD_UNIQUE_CHECKS */;
/*!40101 SET CHARACTER_SET_CLIENT=@OLD_CHARACTER_SET_CLIENT */;
/*!40101 SET CHARACTER_SET_RESULTS=@OLD_CHARACTER_SET_RESULTS */;
/*!40101 SET COLLATION_CONNECTION=@OLD_COLLATION_CONNECTION */;
/*!40111 SET SQL_NOTES=@OLD_SQL_NOTES */;

-- Dump completed on 2022-10-14 22:56:24
